"technology_node","lot_id","wafer_id","etch_rate","deposition_rate","critical_dimension","oxide_thickness","yield","er_flag","dr_flag","cd_flag","ot_flag"
"7nm",LOT_0040,W023,3.74,1.85,18.70,46.55,0.29,IN_CONTROL,IN_CONTROL,IN_CONTROL,IN_CONTROL
"7nm",LOT_0040,W015,3.66,1.96,17.31,44.60,0.31,IN_CONTROL,IN_CONTROL,IN_CONTROL,WARNING
"7nm",LOT_0037,W011,3.54,1.96,18.55,46.70,0.32,IN_CONTROL,IN_CONTROL,IN_CONTROL,IN_CONTROL
"7nm",LOT_0045,W008,3.66,1.90,17.32,48.15,0.33,IN_CONTROL,IN_CONTROL,IN_CONTROL,IN_CONTROL
"7nm",LOT_0046,W013,3.56,1.72,19.77,51.33,0.34,IN_CONTROL,IN_CONTROL,IN_CONTROL,IN_CONTROL
"7nm",LOT_0047,W023,3.77,1.82,18.41,49.53,0.34,IN_CONTROL,IN_CONTROL,IN_CONTROL,IN_CONTROL
"7nm",LOT_0046,W025,3.79,1.92,19.11,49.19,0.34,IN_CONTROL,IN_CONTROL,IN_CONTROL,IN_CONTROL
"7nm",LOT_0030,W010,3.72,1.85,19.25,46.70,0.34,IN_CONTROL,IN_CONTROL,IN_CONTROL,IN_CONTROL
"7nm",LOT_0037,W008,3.69,1.84,15.34,49.69,0.35,IN_CONTROL,IN_CONTROL,WARNING,IN_CONTROL
"7nm",LOT_0026,W017,3.54,1.94,19.36,48.32,0.35,IN_CONTROL,IN_CONTROL,IN_CONTROL,IN_CONTROL
"7nm",LOT_0046,W020,3.79,1.74,20.65,49.55,0.36,IN_CONTROL,IN_CONTROL,WARNING,IN_CONTROL
"7nm",LOT_0040,W025,3.69,1.77,18.41,49.95,0.37,IN_CONTROL,IN_CONTROL,IN_CONTROL,IN_CONTROL
"7nm",LOT_0026,W008,3.52,1.83,19.85,46.78,0.37,IN_CONTROL,IN_CONTROL,IN_CONTROL,IN_CONTROL
"7nm",LOT_0037,W010,3.60,1.83,19.52,48.02,0.37,IN_CONTROL,IN_CONTROL,IN_CONTROL,IN_CONTROL
"7nm",LOT_0037,W015,3.68,1.82,15.51,51.59,0.37,IN_CONTROL,IN_CONTROL,WARNING,IN_CONTROL
"7nm",LOT_0037,W002,3.63,1.67,17.20,51.38,0.38,IN_CONTROL,IN_CONTROL,IN_CONTROL,IN_CONTROL
"7nm",LOT_0020,W014,3.68,1.96,17.63,52.50,0.38,IN_CONTROL,IN_CONTROL,IN_CONTROL,IN_CONTROL
"7nm",LOT_0046,W006,3.63,1.78,18.38,50.33,0.38,IN_CONTROL,IN_CONTROL,IN_CONTROL,IN_CONTROL
"7nm",LOT_0047,W025,3.64,1.68,17.80,48.21,0.39,IN_CONTROL,IN_CONTROL,IN_CONTROL,IN_CONTROL
"7nm",LOT_0047,W014,3.71,1.99,17.99,53.13,0.39,IN_CONTROL,IN_CONTROL,IN_CONTROL,IN_CONTROL
"7nm",LOT_0020,W007,3.62,2.07,18.90,49.33,0.40,IN_CONTROL,WARNING,IN_CONTROL,IN_CONTROL
"7nm",LOT_0046,W008,3.59,1.78,19.53,52.23,0.40,IN_CONTROL,IN_CONTROL,IN_CONTROL,IN_CONTROL
"7nm",LOT_0045,W001,3.64,1.86,18.13,52.39,0.40,IN_CONTROL,IN_CONTROL,IN_CONTROL,IN_CONTROL
"7nm",LOT_0040,W005,3.62,1.64,18.75,51.65,0.40,IN_CONTROL,IN_CONTROL,IN_CONTROL,IN_CONTROL
"7nm",LOT_0030,W001,3.62,1.83,18.70,54.00,0.41,IN_CONTROL,IN_CONTROL,IN_CONTROL,IN_CONTROL
"7nm",LOT_0037,W012,3.71,1.83,19.87,49.37,0.42,IN_CONTROL,IN_CONTROL,IN_CONTROL,IN_CONTROL
"7nm",LOT_0047,W016,3.72,1.89,18.78,52.59,0.42,IN_CONTROL,IN_CONTROL,IN_CONTROL,IN_CONTROL
"7nm",LOT_0020,W010,3.55,2.02,19.43,49.60,0.43,IN_CONTROL,IN_CONTROL,IN_CONTROL,IN_CONTROL
"7nm",LOT_0030,W018,3.73,2.01,19.03,46.76,0.43,IN_CONTROL,IN_CONTROL,IN_CONTROL,IN_CONTROL
"7nm",LOT_0026,W013,3.60,1.83,19.41,50.00,0.43,IN_CONTROL,IN_CONTROL,IN_CONTROL,IN_CONTROL
"7nm",LOT_0020,W013,3.67,1.79,16.64,49.92,0.43,IN_CONTROL,IN_CONTROL,IN_CONTROL,IN_CONTROL
"7nm",LOT_0030,W022,3.66,1.86,20.61,49.12,0.44,IN_CONTROL,IN_CONTROL,WARNING,IN_CONTROL
"7nm",LOT_0046,W022,3.71,1.59,17.16,53.60,0.44,IN_CONTROL,WARNING,IN_CONTROL,IN_CONTROL
"7nm",LOT_0030,W008,3.63,1.81,19.44,48.91,0.44,IN_CONTROL,IN_CONTROL,IN_CONTROL,IN_CONTROL
"7nm",LOT_0040,W010,3.68,1.69,16.42,49.85,0.44,IN_CONTROL,IN_CONTROL,IN_CONTROL,IN_CONTROL
"7nm",LOT_0045,W023,3.63,1.80,18.10,48.55,0.44,IN_CONTROL,IN_CONTROL,IN_CONTROL,IN_CONTROL
"7nm",LOT_0026,W020,3.72,1.95,17.60,49.27,0.44,IN_CONTROL,IN_CONTROL,IN_CONTROL,IN_CONTROL
"7nm",LOT_0045,W005,3.71,1.84,16.98,51.84,0.44,IN_CONTROL,IN_CONTROL,IN_CONTROL,IN_CONTROL
"7nm",LOT_0020,W018,3.55,1.82,19.91,50.57,0.44,IN_CONTROL,IN_CONTROL,IN_CONTROL,IN_CONTROL
"7nm",LOT_0030,W017,3.62,1.86,17.33,48.72,0.45,IN_CONTROL,IN_CONTROL,IN_CONTROL,IN_CONTROL
"7nm",LOT_0030,W009,3.66,1.83,16.82,52.13,0.45,IN_CONTROL,IN_CONTROL,IN_CONTROL,IN_CONTROL
"7nm",LOT_0047,W005,3.80,1.70,17.26,46.60,0.45,IN_CONTROL,IN_CONTROL,IN_CONTROL,IN_CONTROL
"7nm",LOT_0040,W022,3.61,1.85,18.85,51.86,0.45,IN_CONTROL,IN_CONTROL,IN_CONTROL,IN_CONTROL
"7nm",LOT_0037,W017,3.75,1.94,19.18,48.43,0.45,IN_CONTROL,IN_CONTROL,IN_CONTROL,IN_CONTROL
"7nm",LOT_0030,W013,3.68,1.73,15.63,47.59,0.46,IN_CONTROL,IN_CONTROL,WARNING,IN_CONTROL
"7nm",LOT_0037,W018,3.61,1.79,17.86,51.36,0.46,IN_CONTROL,IN_CONTROL,IN_CONTROL,IN_CONTROL
"7nm",LOT_0026,W021,3.61,2.02,19.98,51.66,0.46,IN_CONTROL,IN_CONTROL,IN_CONTROL,IN_CONTROL
"7nm",LOT_0040,W008,3.46,1.87,19.20,50.59,0.46,WARNING,IN_CONTROL,IN_CONTROL,IN_CONTROL
"7nm",LOT_0045,W020,3.46,1.88,17.52,49.62,0.47,WARNING,IN_CONTROL,IN_CONTROL,IN_CONTROL
"7nm",LOT_0037,W019,3.66,1.94,16.85,51.69,0.47,IN_CONTROL,IN_CONTROL,IN_CONTROL,IN_CONTROL
"7nm",LOT_0046,W009,3.59,1.80,16.75,48.42,0.47,IN_CONTROL,IN_CONTROL,IN_CONTROL,IN_CONTROL
"7nm",LOT_0046,W016,3.65,1.69,18.81,50.35,0.47,IN_CONTROL,IN_CONTROL,IN_CONTROL,IN_CONTROL
"7nm",LOT_0047,W024,3.72,1.85,16.59,52.76,0.47,IN_CONTROL,IN_CONTROL,IN_CONTROL,IN_CONTROL
"7nm",LOT_0040,W002,3.57,1.98,19.64,48.66,0.47,IN_CONTROL,IN_CONTROL,IN_CONTROL,IN_CONTROL
"7nm",LOT_0026,W002,3.70,1.96,16.43,49.23,0.48,IN_CONTROL,IN_CONTROL,IN_CONTROL,IN_CONTROL
"7nm",LOT_0045,W004,3.65,1.98,17.62,50.91,0.48,IN_CONTROL,IN_CONTROL,IN_CONTROL,IN_CONTROL
"7nm",LOT_0047,W008,3.70,1.88,18.26,51.83,0.48,IN_CONTROL,IN_CONTROL,IN_CONTROL,IN_CONTROL
"7nm",LOT_0040,W001,3.67,1.77,18.70,54.03,0.48,IN_CONTROL,IN_CONTROL,IN_CONTROL,WARNING
"7nm",LOT_0047,W018,3.94,1.87,19.97,48.95,0.48,OOC,IN_CONTROL,IN_CONTROL,IN_CONTROL
"7nm",LOT_0020,W022,3.61,1.87,19.26,51.55,0.48,IN_CONTROL,IN_CONTROL,IN_CONTROL,IN_CONTROL
"7nm",LOT_0045,W006,3.54,1.70,17.41,50.05,0.49,IN_CONTROL,IN_CONTROL,IN_CONTROL,IN_CONTROL
"7nm",LOT_0046,W003,3.72,1.74,19.94,49.99,0.49,IN_CONTROL,IN_CONTROL,IN_CONTROL,IN_CONTROL
"7nm",LOT_0020,W017,3.54,1.93,16.01,51.72,0.49,IN_CONTROL,IN_CONTROL,IN_CONTROL,IN_CONTROL
"7nm",LOT_0020,W024,3.47,1.76,16.85,48.82,0.49,IN_CONTROL,IN_CONTROL,IN_CONTROL,IN_CONTROL
"7nm",LOT_0047,W009,3.74,1.76,18.53,50.97,0.49,IN_CONTROL,IN_CONTROL,IN_CONTROL,IN_CONTROL
"7nm",LOT_0045,W015,3.62,1.85,17.21,51.49,0.49,IN_CONTROL,IN_CONTROL,IN_CONTROL,IN_CONTROL
"7nm",LOT_0045,W012,3.64,1.81,16.80,48.36,0.49,IN_CONTROL,IN_CONTROL,IN_CONTROL,IN_CONTROL
"7nm",LOT_0037,W022,3.72,1.79,17.39,50.86,0.50,IN_CONTROL,IN_CONTROL,IN_CONTROL,IN_CONTROL
"7nm",LOT_0047,W002,3.85,1.75,20.60,51.98,0.50,WARNING,IN_CONTROL,WARNING,IN_CONTROL
"7nm",LOT_0047,W010,3.72,1.71,18.11,52.76,0.50,IN_CONTROL,IN_CONTROL,IN_CONTROL,IN_CONTROL
"7nm",LOT_0020,W012,3.67,1.96,20.41,47.06,0.51,IN_CONTROL,IN_CONTROL,WARNING,IN_CONTROL
"7nm",LOT_0020,W025,3.48,1.87,17.47,49.37,0.51,IN_CONTROL,IN_CONTROL,IN_CONTROL,IN_CONTROL
"7nm",LOT_0040,W003,3.80,1.83,19.40,50.55,0.51,IN_CONTROL,IN_CONTROL,IN_CONTROL,IN_CONTROL
"7nm",LOT_0020,W015,3.66,1.78,17.40,48.36,0.51,IN_CONTROL,IN_CONTROL,IN_CONTROL,IN_CONTROL
"7nm",LOT_0030,W016,3.73,1.81,16.39,46.64,0.52,IN_CONTROL,IN_CONTROL,IN_CONTROL,IN_CONTROL
"7nm",LOT_0020,W004,3.55,1.98,17.53,46.83,0.52,IN_CONTROL,IN_CONTROL,IN_CONTROL,IN_CONTROL
"7nm",LOT_0045,W003,3.89,1.96,17.08,47.82,0.52,WARNING,IN_CONTROL,IN_CONTROL,IN_CONTROL
"7nm",LOT_0030,W004,3.55,1.85,18.70,51.14,0.52,IN_CONTROL,IN_CONTROL,IN_CONTROL,IN_CONTROL
"7nm",LOT_0047,W017,3.78,1.67,17.86,49.48,0.53,IN_CONTROL,IN_CONTROL,IN_CONTROL,IN_CONTROL
"7nm",LOT_0046,W019,3.61,1.75,17.55,47.16,0.53,IN_CONTROL,IN_CONTROL,IN_CONTROL,IN_CONTROL
"7nm",LOT_0037,W009,3.73,1.89,17.78,50.40,0.53,IN_CONTROL,IN_CONTROL,IN_CONTROL,IN_CONTROL
"7nm",LOT_0020,W005,3.67,2.02,18.55,51.78,0.53,IN_CONTROL,IN_CONTROL,IN_CONTROL,IN_CONTROL
"7nm",LOT_0037,W024,3.70,1.70,16.28,50.68,0.53,IN_CONTROL,IN_CONTROL,IN_CONTROL,IN_CONTROL
"7nm",LOT_0046,W011,3.61,1.68,18.63,47.70,0.53,IN_CONTROL,IN_CONTROL,IN_CONTROL,IN_CONTROL
"7nm",LOT_0040,W012,3.67,1.71,18.06,49.78,0.54,IN_CONTROL,IN_CONTROL,IN_CONTROL,IN_CONTROL
"7nm",LOT_0037,W005,3.81,2.04,18.00,46.96,0.54,IN_CONTROL,IN_CONTROL,IN_CONTROL,IN_CONTROL
"7nm",LOT_0045,W009,3.66,1.93,17.18,48.99,0.54,IN_CONTROL,IN_CONTROL,IN_CONTROL,IN_CONTROL
"7nm",LOT_0046,W015,3.63,1.84,17.13,49.93,0.54,IN_CONTROL,IN_CONTROL,IN_CONTROL,IN_CONTROL
"7nm",LOT_0040,W021,3.69,1.95,17.77,46.48,0.54,IN_CONTROL,IN_CONTROL,IN_CONTROL,IN_CONTROL
"7nm",LOT_0046,W002,3.60,1.86,17.28,51.05,0.55,IN_CONTROL,IN_CONTROL,IN_CONTROL,IN_CONTROL
"7nm",LOT_0047,W022,3.83,1.72,17.32,49.27,0.55,IN_CONTROL,IN_CONTROL,IN_CONTROL,IN_CONTROL
"7nm",LOT_0026,W003,3.67,1.90,17.70,53.24,0.55,IN_CONTROL,IN_CONTROL,IN_CONTROL,IN_CONTROL
"7nm",LOT_0045,W013,3.61,1.84,18.06,52.60,0.55,IN_CONTROL,IN_CONTROL,IN_CONTROL,IN_CONTROL
"7nm",LOT_0037,W023,3.59,1.78,17.75,50.72,0.56,IN_CONTROL,IN_CONTROL,IN_CONTROL,IN_CONTROL
"7nm",LOT_0047,W019,3.81,1.76,18.14,48.89,0.56,IN_CONTROL,IN_CONTROL,IN_CONTROL,IN_CONTROL
"7nm",LOT_0037,W014,3.61,1.73,18.19,51.14,0.56,IN_CONTROL,IN_CONTROL,IN_CONTROL,IN_CONTROL
"7nm",LOT_0047,W015,3.78,1.75,17.11,46.36,0.56,IN_CONTROL,IN_CONTROL,IN_CONTROL,IN_CONTROL
"7nm",LOT_0030,W012,3.68,1.90,18.04,46.33,0.57,IN_CONTROL,IN_CONTROL,IN_CONTROL,IN_CONTROL
"7nm",LOT_0040,W011,3.69,1.89,17.69,50.78,0.57,IN_CONTROL,IN_CONTROL,IN_CONTROL,IN_CONTROL
"7nm",LOT_0030,W002,3.67,1.87,18.61,51.21,0.57,IN_CONTROL,IN_CONTROL,IN_CONTROL,IN_CONTROL
"7nm",LOT_0045,W022,3.66,1.84,17.70,46.37,0.57,IN_CONTROL,IN_CONTROL,IN_CONTROL,IN_CONTROL
"7nm",LOT_0040,W019,3.63,1.73,16.72,52.71,0.57,IN_CONTROL,IN_CONTROL,IN_CONTROL,IN_CONTROL
"7nm",LOT_0030,W006,3.54,2.01,20.23,50.09,0.58,IN_CONTROL,IN_CONTROL,WARNING,IN_CONTROL
"7nm",LOT_0037,W003,3.76,1.86,16.76,49.35,0.58,IN_CONTROL,IN_CONTROL,IN_CONTROL,IN_CONTROL
"7nm",LOT_0026,W010,3.48,1.87,16.74,50.63,0.58,IN_CONTROL,IN_CONTROL,IN_CONTROL,IN_CONTROL
"7nm",LOT_0047,W001,3.76,1.75,18.34,47.45,0.58,IN_CONTROL,IN_CONTROL,IN_CONTROL,IN_CONTROL
"7nm",LOT_0026,W011,3.57,1.72,18.85,49.99,0.58,IN_CONTROL,IN_CONTROL,IN_CONTROL,IN_CONTROL
"7nm",LOT_0030,W015,3.72,1.95,16.80,49.78,0.58,IN_CONTROL,IN_CONTROL,IN_CONTROL,IN_CONTROL
"7nm",LOT_0046,W018,3.74,1.84,16.24,50.82,0.58,IN_CONTROL,IN_CONTROL,IN_CONTROL,IN_CONTROL
"7nm",LOT_0037,W001,3.58,1.86,18.68,53.38,0.59,IN_CONTROL,IN_CONTROL,IN_CONTROL,IN_CONTROL
"7nm",LOT_0020,W003,3.59,1.74,17.55,49.64,0.59,IN_CONTROL,IN_CONTROL,IN_CONTROL,IN_CONTROL
"7nm",LOT_0047,W006,3.70,1.88,18.27,48.54,0.60,IN_CONTROL,IN_CONTROL,IN_CONTROL,IN_CONTROL
"7nm",LOT_0026,W004,3.54,1.83,17.76,51.85,0.60,IN_CONTROL,IN_CONTROL,IN_CONTROL,IN_CONTROL
"7nm",LOT_0026,W023,3.67,1.92,17.97,51.08,0.60,IN_CONTROL,IN_CONTROL,IN_CONTROL,IN_CONTROL
"7nm",LOT_0045,W016,3.58,1.78,19.88,50.74,0.60,IN_CONTROL,IN_CONTROL,IN_CONTROL,IN_CONTROL
"7nm",LOT_0037,W006,3.60,1.84,17.03,47.36,0.60,IN_CONTROL,IN_CONTROL,IN_CONTROL,IN_CONTROL
"7nm",LOT_0026,W014,3.53,1.88,16.09,51.05,0.60,IN_CONTROL,IN_CONTROL,IN_CONTROL,IN_CONTROL
"7nm",LOT_0046,W005,3.69,1.84,18.86,46.87,0.60,IN_CONTROL,IN_CONTROL,IN_CONTROL,IN_CONTROL
"7nm",LOT_0046,W012,3.61,1.63,18.38,48.66,0.61,IN_CONTROL,IN_CONTROL,IN_CONTROL,IN_CONTROL
"7nm",LOT_0020,W021,3.56,1.83,17.52,50.73,0.61,IN_CONTROL,IN_CONTROL,IN_CONTROL,IN_CONTROL
"7nm",LOT_0046,W010,3.46,1.64,18.15,47.89,0.61,WARNING,IN_CONTROL,IN_CONTROL,IN_CONTROL
"7nm",LOT_0040,W004,3.70,1.87,18.36,49.63,0.61,IN_CONTROL,IN_CONTROL,IN_CONTROL,IN_CONTROL
"7nm",LOT_0047,W012,3.73,2.03,18.78,50.75,0.62,IN_CONTROL,IN_CONTROL,IN_CONTROL,IN_CONTROL
"7nm",LOT_0045,W014,3.64,1.80,16.58,52.39,0.62,IN_CONTROL,IN_CONTROL,IN_CONTROL,IN_CONTROL
"7nm",LOT_0047,W013,3.65,1.84,17.02,54.41,0.62,IN_CONTROL,IN_CONTROL,IN_CONTROL,WARNING
"7nm",LOT_0046,W007,3.62,1.88,17.79,49.14,0.63,IN_CONTROL,IN_CONTROL,IN_CONTROL,IN_CONTROL
"7nm",LOT_0030,W014,3.73,1.91,17.66,48.11,0.63,IN_CONTROL,IN_CONTROL,IN_CONTROL,IN_CONTROL
"7nm",LOT_0045,W017,3.63,1.80,17.39,53.12,0.63,IN_CONTROL,IN_CONTROL,IN_CONTROL,IN_CONTROL
"7nm",LOT_0045,W019,3.64,1.96,18.23,50.77,0.63,IN_CONTROL,IN_CONTROL,IN_CONTROL,IN_CONTROL
"7nm",LOT_0030,W019,3.81,1.77,19.67,48.48,0.63,IN_CONTROL,IN_CONTROL,IN_CONTROL,IN_CONTROL
"7nm",LOT_0045,W025,3.70,1.80,19.04,48.29,0.64,IN_CONTROL,IN_CONTROL,IN_CONTROL,IN_CONTROL
"7nm",LOT_0026,W009,3.65,1.86,17.51,50.75,0.64,IN_CONTROL,IN_CONTROL,IN_CONTROL,IN_CONTROL
"7nm",LOT_0045,W021,3.49,1.81,18.03,48.98,0.64,IN_CONTROL,IN_CONTROL,IN_CONTROL,IN_CONTROL
"7nm",LOT_0047,W004,3.65,1.69,18.20,48.61,0.64,IN_CONTROL,IN_CONTROL,IN_CONTROL,IN_CONTROL
"7nm",LOT_0030,W003,3.61,1.76,17.36,50.08,0.64,IN_CONTROL,IN_CONTROL,IN_CONTROL,IN_CONTROL
"7nm",LOT_0037,W021,3.76,1.95,17.79,52.42,0.65,IN_CONTROL,IN_CONTROL,IN_CONTROL,IN_CONTROL
"7nm",LOT_0026,W005,3.68,1.85,18.39,53.94,0.65,IN_CONTROL,IN_CONTROL,IN_CONTROL,IN_CONTROL
"7nm",LOT_0026,W006,3.55,1.85,17.07,48.61,0.66,IN_CONTROL,IN_CONTROL,IN_CONTROL,IN_CONTROL
"7nm",LOT_0046,W021,3.51,1.79,18.63,49.74,0.66,IN_CONTROL,IN_CONTROL,IN_CONTROL,IN_CONTROL
"7nm",LOT_0037,W016,3.58,1.88,19.91,51.98,0.66,IN_CONTROL,IN_CONTROL,IN_CONTROL,IN_CONTROL
"7nm",LOT_0047,W011,3.80,1.88,16.49,49.08,0.67,IN_CONTROL,IN_CONTROL,IN_CONTROL,IN_CONTROL
"7nm",LOT_0040,W014,3.65,1.77,17.33,50.81,0.67,IN_CONTROL,IN_CONTROL,IN_CONTROL,IN_CONTROL
"7nm",LOT_0020,W002,3.61,1.70,18.37,52.85,0.68,IN_CONTROL,IN_CONTROL,IN_CONTROL,IN_CONTROL
"7nm",LOT_0026,W024,3.48,2.13,17.66,50.61,0.68,IN_CONTROL,WARNING,IN_CONTROL,IN_CONTROL
"7nm",LOT_0030,W023,3.79,1.96,17.50,49.25,0.68,IN_CONTROL,IN_CONTROL,IN_CONTROL,IN_CONTROL
"7nm",LOT_0037,W013,3.69,1.68,19.09,53.96,0.68,IN_CONTROL,IN_CONTROL,IN_CONTROL,IN_CONTROL
"7nm",LOT_0040,W013,3.73,1.80,17.97,48.61,0.68,IN_CONTROL,IN_CONTROL,IN_CONTROL,IN_CONTROL
"7nm",LOT_0047,W007,3.74,1.79,16.53,48.81,0.69,IN_CONTROL,IN_CONTROL,IN_CONTROL,IN_CONTROL
"7nm",LOT_0026,W019,3.71,1.87,18.42,52.57,0.69,IN_CONTROL,IN_CONTROL,IN_CONTROL,IN_CONTROL
"7nm",LOT_0030,W020,3.49,1.82,17.94,51.26,0.69,IN_CONTROL,IN_CONTROL,IN_CONTROL,IN_CONTROL
"7nm",LOT_0040,W024,3.59,1.83,16.72,49.46,0.69,IN_CONTROL,IN_CONTROL,IN_CONTROL,IN_CONTROL
"7nm",LOT_0045,W024,3.75,1.75,16.09,48.17,0.69,IN_CONTROL,IN_CONTROL,IN_CONTROL,IN_CONTROL
"7nm",LOT_0037,W007,3.61,1.77,18.07,49.30,0.69,IN_CONTROL,IN_CONTROL,IN_CONTROL,IN_CONTROL
"7nm",LOT_0037,W020,3.71,1.75,16.71,47.65,0.69,IN_CONTROL,IN_CONTROL,IN_CONTROL,IN_CONTROL
"7nm",LOT_0030,W024,3.66,1.90,19.63,51.75,0.69,IN_CONTROL,IN_CONTROL,IN_CONTROL,IN_CONTROL
"7nm",LOT_0037,W004,3.79,2.05,18.53,53.52,0.70,IN_CONTROL,WARNING,IN_CONTROL,IN_CONTROL
"7nm",LOT_0030,W011,3.81,1.99,17.53,49.55,0.71,IN_CONTROL,IN_CONTROL,IN_CONTROL,IN_CONTROL
"7nm",LOT_0020,W009,3.66,1.84,19.65,50.09,0.72,IN_CONTROL,IN_CONTROL,IN_CONTROL,IN_CONTROL
"7nm",LOT_0020,W016,3.57,1.89,19.80,48.78,0.72,IN_CONTROL,IN_CONTROL,IN_CONTROL,IN_CONTROL
"7nm",LOT_0040,W006,3.58,2.06,17.37,47.72,0.72,IN_CONTROL,WARNING,IN_CONTROL,IN_CONTROL
"7nm",LOT_0040,W016,3.75,1.76,19.61,49.32,0.73,IN_CONTROL,IN_CONTROL,IN_CONTROL,IN_CONTROL
"7nm",LOT_0030,W025,3.41,1.80,19.56,49.85,0.73,WARNING,IN_CONTROL,IN_CONTROL,IN_CONTROL
"7nm",LOT_0045,W018,3.59,1.95,17.70,46.80,0.73,IN_CONTROL,IN_CONTROL,IN_CONTROL,IN_CONTROL
"7nm",LOT_0026,W022,3.57,1.76,17.08,51.02,0.74,IN_CONTROL,IN_CONTROL,IN_CONTROL,IN_CONTROL
"7nm",LOT_0045,W011,3.54,1.86,17.61,51.37,0.74,IN_CONTROL,IN_CONTROL,IN_CONTROL,IN_CONTROL
"7nm",LOT_0040,W020,3.69,1.78,17.50,48.41,0.74,IN_CONTROL,IN_CONTROL,IN_CONTROL,IN_CONTROL
"7nm",LOT_0046,W024,3.65,1.94,17.39,51.61,0.74,IN_CONTROL,IN_CONTROL,IN_CONTROL,IN_CONTROL
"7nm",LOT_0020,W019,3.64,1.90,18.68,49.70,0.74,IN_CONTROL,IN_CONTROL,IN_CONTROL,IN_CONTROL
"7nm",LOT_0040,W018,3.61,1.83,17.37,51.81,0.75,IN_CONTROL,IN_CONTROL,IN_CONTROL,IN_CONTROL
"7nm",LOT_0045,W010,3.57,1.62,19.61,48.69,0.75,IN_CONTROL,WARNING,IN_CONTROL,IN_CONTROL
"7nm",LOT_0040,W007,3.57,1.94,18.27,48.67,0.75,IN_CONTROL,IN_CONTROL,IN_CONTROL,IN_CONTROL
"7nm",LOT_0046,W004,3.67,1.70,16.64,52.91,0.76,IN_CONTROL,IN_CONTROL,IN_CONTROL,IN_CONTROL
"7nm",LOT_0030,W007,3.52,1.94,18.52,46.98,0.76,IN_CONTROL,IN_CONTROL,IN_CONTROL,IN_CONTROL
"7nm",LOT_0046,W017,3.53,1.88,19.47,50.60,0.77,IN_CONTROL,IN_CONTROL,IN_CONTROL,IN_CONTROL
"7nm",LOT_0046,W023,3.65,1.84,19.06,45.93,0.77,IN_CONTROL,IN_CONTROL,IN_CONTROL,WARNING
"7nm",LOT_0047,W003,3.77,1.82,18.41,48.91,0.77,IN_CONTROL,IN_CONTROL,IN_CONTROL,IN_CONTROL
"7nm",LOT_0026,W007,3.56,2.02,17.58,54.11,0.78,IN_CONTROL,IN_CONTROL,IN_CONTROL,WARNING
"7nm",LOT_0045,W002,3.53,1.92,19.03,49.61,0.78,IN_CONTROL,IN_CONTROL,IN_CONTROL,IN_CONTROL
"7nm",LOT_0047,W020,3.75,1.65,18.56,51.23,0.78,IN_CONTROL,IN_CONTROL,IN_CONTROL,IN_CONTROL
"7nm",LOT_0026,W015,3.60,1.86,17.79,52.04,0.78,IN_CONTROL,IN_CONTROL,IN_CONTROL,IN_CONTROL
"7nm",LOT_0020,W023,3.59,2.20,18.68,49.88,0.79,IN_CONTROL,OOC,IN_CONTROL,IN_CONTROL
"7nm",LOT_0020,W001,3.65,1.79,18.08,51.66,0.79,IN_CONTROL,IN_CONTROL,IN_CONTROL,IN_CONTROL
"7nm",LOT_0026,W016,3.72,1.89,18.32,46.79,0.79,IN_CONTROL,IN_CONTROL,IN_CONTROL,IN_CONTROL
"7nm",LOT_0026,W018,3.73,1.83,17.60,50.44,0.79,IN_CONTROL,IN_CONTROL,IN_CONTROL,IN_CONTROL
"7nm",LOT_0046,W001,3.61,1.61,17.67,51.53,0.81,IN_CONTROL,WARNING,IN_CONTROL,IN_CONTROL
"7nm",LOT_0026,W012,3.67,1.82,17.47,46.95,0.82,IN_CONTROL,IN_CONTROL,IN_CONTROL,IN_CONTROL
"7nm",LOT_0040,W017,3.74,1.68,17.98,49.47,0.82,IN_CONTROL,IN_CONTROL,IN_CONTROL,IN_CONTROL
"7nm",LOT_0037,W025,3.60,2.03,19.68,52.56,0.82,IN_CONTROL,IN_CONTROL,IN_CONTROL,IN_CONTROL
"7nm",LOT_0020,W020,3.60,1.82,17.92,50.52,0.85,IN_CONTROL,IN_CONTROL,IN_CONTROL,IN_CONTROL
"7nm",LOT_0040,W009,3.56,1.77,17.86,52.31,0.86,IN_CONTROL,IN_CONTROL,IN_CONTROL,IN_CONTROL
"7nm",LOT_0045,W007,3.56,1.96,18.43,52.00,0.87,IN_CONTROL,IN_CONTROL,IN_CONTROL,IN_CONTROL
"7nm",LOT_0046,W014,3.51,1.71,17.83,47.61,0.88,IN_CONTROL,IN_CONTROL,IN_CONTROL,IN_CONTROL
"7nm",LOT_0026,W025,3.78,1.86,18.97,53.98,0.89,IN_CONTROL,IN_CONTROL,IN_CONTROL,IN_CONTROL
"7nm",LOT_0030,W005,3.62,1.93,17.65,49.75,0.90,IN_CONTROL,IN_CONTROL,IN_CONTROL,IN_CONTROL
"7nm",LOT_0020,W008,3.67,1.73,19.91,50.24,0.90,IN_CONTROL,IN_CONTROL,IN_CONTROL,IN_CONTROL
"7nm",LOT_0026,W001,3.65,1.88,17.06,50.65,0.91,IN_CONTROL,IN_CONTROL,IN_CONTROL,IN_CONTROL
"7nm",LOT_0047,W021,3.80,1.74,17.68,50.03,0.92,IN_CONTROL,IN_CONTROL,IN_CONTROL,IN_CONTROL
"7nm",LOT_0020,W006,3.63,1.93,17.70,48.06,0.92,IN_CONTROL,IN_CONTROL,IN_CONTROL,IN_CONTROL
"7nm",LOT_0020,W011,3.49,1.98,18.54,51.21,0.92,IN_CONTROL,IN_CONTROL,IN_CONTROL,IN_CONTROL
"7nm",LOT_0030,W021,3.60,1.96,17.51,53.94,0.92,IN_CONTROL,IN_CONTROL,IN_CONTROL,IN_CONTROL
"10nm",LOT_0050,W009,3.72,1.63,24.71,53.74,0.21,IN_CONTROL,WARNING,IN_CONTROL,IN_CONTROL
"10nm",LOT_0010,W007,3.51,1.94,24.17,51.43,0.25,IN_CONTROL,IN_CONTROL,IN_CONTROL,IN_CONTROL
"10nm",LOT_0044,W023,3.67,1.98,24.72,55.92,0.25,IN_CONTROL,IN_CONTROL,IN_CONTROL,IN_CONTROL
"10nm",LOT_0015,W013,3.61,1.94,24.52,51.35,0.28,IN_CONTROL,IN_CONTROL,IN_CONTROL,IN_CONTROL
"10nm",LOT_0050,W004,3.63,1.72,24.27,53.96,0.28,IN_CONTROL,IN_CONTROL,IN_CONTROL,IN_CONTROL
"10nm",LOT_0042,W025,3.70,1.86,24.07,52.42,0.29,IN_CONTROL,IN_CONTROL,IN_CONTROL,IN_CONTROL
"10nm",LOT_0010,W002,3.52,1.84,24.77,57.11,0.30,IN_CONTROL,IN_CONTROL,IN_CONTROL,IN_CONTROL
"10nm",LOT_0017,W011,3.49,1.89,25.38,54.49,0.30,IN_CONTROL,IN_CONTROL,WARNING,IN_CONTROL
"10nm",LOT_0050,W020,3.71,1.68,22.23,56.91,0.30,IN_CONTROL,IN_CONTROL,IN_CONTROL,IN_CONTROL
"10nm",LOT_0008,W014,3.58,1.91,24.18,52.71,0.31,IN_CONTROL,IN_CONTROL,IN_CONTROL,IN_CONTROL
"10nm",LOT_0018,W025,3.48,1.96,24.65,57.16,0.32,IN_CONTROL,IN_CONTROL,IN_CONTROL,IN_CONTROL
"10nm",LOT_0035,W011,3.67,1.92,21.96,53.70,0.33,IN_CONTROL,IN_CONTROL,IN_CONTROL,IN_CONTROL
"10nm",LOT_0035,W017,3.59,1.90,22.23,57.18,0.33,IN_CONTROL,IN_CONTROL,IN_CONTROL,IN_CONTROL
"10nm",LOT_0044,W021,3.79,1.96,22.65,55.33,0.34,IN_CONTROL,IN_CONTROL,IN_CONTROL,IN_CONTROL
"10nm",LOT_0038,W009,3.60,1.83,22.97,54.88,0.34,IN_CONTROL,IN_CONTROL,IN_CONTROL,IN_CONTROL
"10nm",LOT_0010,W022,3.52,2.08,21.79,53.81,0.34,IN_CONTROL,IN_CONTROL,IN_CONTROL,IN_CONTROL
"10nm",LOT_0035,W003,3.62,1.88,24.64,54.68,0.34,IN_CONTROL,IN_CONTROL,IN_CONTROL,IN_CONTROL
"10nm",LOT_0044,W025,3.65,1.90,21.99,51.70,0.35,IN_CONTROL,IN_CONTROL,IN_CONTROL,IN_CONTROL
"10nm",LOT_0017,W013,3.62,1.71,24.00,53.26,0.35,IN_CONTROL,IN_CONTROL,IN_CONTROL,IN_CONTROL
"10nm",LOT_0018,W006,3.58,1.96,24.10,54.41,0.35,IN_CONTROL,IN_CONTROL,IN_CONTROL,IN_CONTROL
"10nm",LOT_0042,W014,3.71,2.13,22.30,60.03,0.35,IN_CONTROL,IN_CONTROL,IN_CONTROL,IN_CONTROL
"10nm",LOT_0017,W024,3.73,1.98,24.50,55.77,0.35,IN_CONTROL,IN_CONTROL,IN_CONTROL,IN_CONTROL
"10nm",LOT_0042,W005,3.65,1.91,21.26,52.65,0.36,IN_CONTROL,IN_CONTROL,IN_CONTROL,IN_CONTROL
"10nm",LOT_0018,W010,3.64,1.85,22.30,53.76,0.36,IN_CONTROL,IN_CONTROL,IN_CONTROL,IN_CONTROL
"10nm",LOT_0044,W012,3.82,1.84,24.05,60.18,0.37,WARNING,IN_CONTROL,IN_CONTROL,WARNING
"10nm",LOT_0050,W011,3.54,1.83,20.81,58.00,0.37,IN_CONTROL,IN_CONTROL,IN_CONTROL,IN_CONTROL
"10nm",LOT_0033,W020,3.76,1.93,25.54,55.06,0.37,IN_CONTROL,IN_CONTROL,WARNING,IN_CONTROL
"10nm",LOT_0018,W012,3.65,1.99,25.22,54.77,0.37,IN_CONTROL,IN_CONTROL,WARNING,IN_CONTROL
"10nm",LOT_0017,W002,3.55,1.87,22.72,51.39,0.37,IN_CONTROL,IN_CONTROL,IN_CONTROL,IN_CONTROL
"10nm",LOT_0010,W005,3.59,2.00,24.04,54.11,0.38,IN_CONTROL,IN_CONTROL,IN_CONTROL,IN_CONTROL
"10nm",LOT_0010,W009,3.62,1.82,24.02,54.73,0.38,IN_CONTROL,IN_CONTROL,IN_CONTROL,IN_CONTROL
"10nm",LOT_0038,W001,3.44,1.87,25.00,53.82,0.39,IN_CONTROL,IN_CONTROL,WARNING,IN_CONTROL
"10nm",LOT_0035,W006,3.60,1.89,23.60,56.13,0.39,IN_CONTROL,IN_CONTROL,IN_CONTROL,IN_CONTROL
"10nm",LOT_0001,W008,3.56,2.05,21.51,54.49,0.39,IN_CONTROL,IN_CONTROL,IN_CONTROL,IN_CONTROL
"10nm",LOT_0038,W011,3.56,1.93,22.26,58.27,0.39,IN_CONTROL,IN_CONTROL,IN_CONTROL,IN_CONTROL
"10nm",LOT_0003,W017,3.52,2.00,19.04,52.65,0.39,IN_CONTROL,IN_CONTROL,WARNING,IN_CONTROL
"10nm",LOT_0010,W019,3.54,1.91,25.22,59.58,0.39,IN_CONTROL,IN_CONTROL,WARNING,IN_CONTROL
"10nm",LOT_0003,W001,3.54,2.17,23.39,55.15,0.40,IN_CONTROL,WARNING,IN_CONTROL,IN_CONTROL
"10nm",LOT_0003,W009,3.44,1.92,25.44,51.53,0.40,IN_CONTROL,IN_CONTROL,WARNING,IN_CONTROL
"10nm",LOT_0044,W001,3.69,1.81,23.67,52.38,0.40,IN_CONTROL,IN_CONTROL,IN_CONTROL,IN_CONTROL
"10nm",LOT_0035,W014,3.63,2.01,21.40,50.96,0.40,IN_CONTROL,IN_CONTROL,IN_CONTROL,IN_CONTROL
"10nm",LOT_0018,W024,3.69,1.95,23.35,58.14,0.40,IN_CONTROL,IN_CONTROL,IN_CONTROL,IN_CONTROL
"10nm",LOT_0001,W004,3.50,1.90,23.46,56.99,0.41,IN_CONTROL,IN_CONTROL,IN_CONTROL,IN_CONTROL
"10nm",LOT_0027,W013,3.69,1.75,23.52,54.55,0.41,IN_CONTROL,IN_CONTROL,IN_CONTROL,IN_CONTROL
"10nm",LOT_0050,W005,3.69,1.67,19.58,56.32,0.41,IN_CONTROL,WARNING,IN_CONTROL,IN_CONTROL
"10nm",LOT_0035,W015,3.56,1.99,22.36,48.68,0.41,IN_CONTROL,IN_CONTROL,IN_CONTROL,WARNING
"10nm",LOT_0038,W014,3.45,1.80,21.30,53.19,0.41,IN_CONTROL,IN_CONTROL,IN_CONTROL,IN_CONTROL
"10nm",LOT_0033,W025,3.69,1.92,20.72,54.48,0.41,IN_CONTROL,IN_CONTROL,IN_CONTROL,IN_CONTROL
"10nm",LOT_0050,W007,3.54,1.86,20.99,59.07,0.41,IN_CONTROL,IN_CONTROL,IN_CONTROL,IN_CONTROL
"10nm",LOT_0003,W024,3.57,2.00,21.07,56.20,0.41,IN_CONTROL,IN_CONTROL,IN_CONTROL,IN_CONTROL
"10nm",LOT_0001,W019,3.55,2.06,20.84,55.06,0.41,IN_CONTROL,IN_CONTROL,IN_CONTROL,IN_CONTROL
"10nm",LOT_0010,W016,3.58,1.86,22.05,51.59,0.42,IN_CONTROL,IN_CONTROL,IN_CONTROL,IN_CONTROL
"10nm",LOT_0018,W009,3.58,1.88,20.97,61.08,0.42,IN_CONTROL,IN_CONTROL,IN_CONTROL,WARNING
"10nm",LOT_0018,W020,3.63,2.11,20.69,54.72,0.42,IN_CONTROL,IN_CONTROL,IN_CONTROL,IN_CONTROL
"10nm",LOT_0015,W014,3.47,1.74,20.64,58.49,0.42,IN_CONTROL,IN_CONTROL,IN_CONTROL,IN_CONTROL
"10nm",LOT_0017,W015,3.62,1.74,22.51,54.42,0.42,IN_CONTROL,IN_CONTROL,IN_CONTROL,IN_CONTROL
"10nm",LOT_0033,W005,3.47,1.79,20.86,52.44,0.42,IN_CONTROL,IN_CONTROL,IN_CONTROL,IN_CONTROL
"10nm",LOT_0008,W002,3.31,2.14,19.99,53.97,0.42,OOC,IN_CONTROL,IN_CONTROL,IN_CONTROL
"10nm",LOT_0032,W011,3.64,1.99,24.26,54.38,0.43,IN_CONTROL,IN_CONTROL,IN_CONTROL,IN_CONTROL
"10nm",LOT_0044,W002,3.73,1.88,22.34,57.12,0.43,IN_CONTROL,IN_CONTROL,IN_CONTROL,IN_CONTROL
"10nm",LOT_0038,W019,3.73,1.98,20.59,51.36,0.43,IN_CONTROL,IN_CONTROL,IN_CONTROL,IN_CONTROL
"10nm",LOT_0015,W017,3.60,2.12,21.63,54.58,0.43,IN_CONTROL,IN_CONTROL,IN_CONTROL,IN_CONTROL
"10nm",LOT_0038,W024,3.68,1.80,22.15,58.78,0.43,IN_CONTROL,IN_CONTROL,IN_CONTROL,IN_CONTROL
"10nm",LOT_0044,W007,3.65,1.95,21.14,54.02,0.43,IN_CONTROL,IN_CONTROL,IN_CONTROL,IN_CONTROL
"10nm",LOT_0050,W021,3.51,1.64,21.65,53.73,0.43,IN_CONTROL,WARNING,IN_CONTROL,IN_CONTROL
"10nm",LOT_0018,W001,3.53,2.02,24.64,58.06,0.43,IN_CONTROL,IN_CONTROL,IN_CONTROL,IN_CONTROL
"10nm",LOT_0038,W015,3.53,1.77,22.30,55.16,0.44,IN_CONTROL,IN_CONTROL,IN_CONTROL,IN_CONTROL
"10nm",LOT_0018,W018,3.61,2.05,23.35,55.52,0.44,IN_CONTROL,IN_CONTROL,IN_CONTROL,IN_CONTROL
"10nm",LOT_0042,W002,3.85,1.93,20.93,54.54,0.44,WARNING,IN_CONTROL,IN_CONTROL,IN_CONTROL
"10nm",LOT_0050,W023,3.75,1.73,22.72,47.90,0.44,IN_CONTROL,IN_CONTROL,IN_CONTROL,WARNING
"10nm",LOT_0044,W020,3.60,2.00,21.75,52.86,0.44,IN_CONTROL,IN_CONTROL,IN_CONTROL,IN_CONTROL
"10nm",LOT_0050,W010,3.65,1.67,22.56,56.48,0.44,IN_CONTROL,WARNING,IN_CONTROL,IN_CONTROL
"10nm",LOT_0018,W007,3.67,1.78,20.06,54.56,0.44,IN_CONTROL,IN_CONTROL,IN_CONTROL,IN_CONTROL
"10nm",LOT_0017,W019,3.62,1.98,23.50,56.61,0.44,IN_CONTROL,IN_CONTROL,IN_CONTROL,IN_CONTROL
"10nm",LOT_0033,W007,3.64,1.94,28.72,57.55,0.45,IN_CONTROL,IN_CONTROL,OOC,IN_CONTROL
"10nm",LOT_0027,W009,3.54,2.02,22.59,52.84,0.45,IN_CONTROL,IN_CONTROL,IN_CONTROL,IN_CONTROL
"10nm",LOT_0008,W018,3.62,1.79,21.51,52.39,0.45,IN_CONTROL,IN_CONTROL,IN_CONTROL,IN_CONTROL
"10nm",LOT_0015,W001,3.58,1.85,23.55,57.74,0.45,IN_CONTROL,IN_CONTROL,IN_CONTROL,IN_CONTROL
"10nm",LOT_0018,W023,3.54,1.90,20.32,49.59,0.45,IN_CONTROL,IN_CONTROL,IN_CONTROL,WARNING
"10nm",LOT_0032,W021,3.56,1.73,21.99,58.51,0.46,IN_CONTROL,IN_CONTROL,IN_CONTROL,IN_CONTROL
"10nm",LOT_0042,W019,3.80,1.76,21.73,55.43,0.46,IN_CONTROL,IN_CONTROL,IN_CONTROL,IN_CONTROL
"10nm",LOT_0035,W018,3.63,1.90,21.97,52.82,0.46,IN_CONTROL,IN_CONTROL,IN_CONTROL,IN_CONTROL
"10nm",LOT_0035,W005,3.64,1.82,20.80,55.80,0.46,IN_CONTROL,IN_CONTROL,IN_CONTROL,IN_CONTROL
"10nm",LOT_0018,W016,3.61,2.09,20.30,56.27,0.46,IN_CONTROL,IN_CONTROL,IN_CONTROL,IN_CONTROL
"10nm",LOT_0018,W005,3.63,1.81,22.67,55.81,0.46,IN_CONTROL,IN_CONTROL,IN_CONTROL,IN_CONTROL
"10nm",LOT_0044,W011,3.60,1.95,21.80,53.58,0.46,IN_CONTROL,IN_CONTROL,IN_CONTROL,IN_CONTROL
"10nm",LOT_0008,W021,3.50,2.09,23.78,59.18,0.46,IN_CONTROL,IN_CONTROL,IN_CONTROL,IN_CONTROL
"10nm",LOT_0003,W020,3.66,1.88,24.12,58.04,0.46,IN_CONTROL,IN_CONTROL,IN_CONTROL,IN_CONTROL
"10nm",LOT_0018,W013,3.64,1.91,20.70,55.03,0.46,IN_CONTROL,IN_CONTROL,IN_CONTROL,IN_CONTROL
"10nm",LOT_0044,W013,3.58,1.79,21.22,55.85,0.46,IN_CONTROL,IN_CONTROL,IN_CONTROL,IN_CONTROL
"10nm",LOT_0035,W023,3.69,1.81,21.23,55.22,0.47,IN_CONTROL,IN_CONTROL,IN_CONTROL,IN_CONTROL
"10nm",LOT_0038,W018,3.65,1.69,22.73,57.18,0.47,IN_CONTROL,IN_CONTROL,IN_CONTROL,IN_CONTROL
"10nm",LOT_0035,W021,3.65,1.93,20.07,54.14,0.47,IN_CONTROL,IN_CONTROL,IN_CONTROL,IN_CONTROL
"10nm",LOT_0017,W007,3.60,1.93,23.10,53.60,0.47,IN_CONTROL,IN_CONTROL,IN_CONTROL,IN_CONTROL
"10nm",LOT_0027,W021,3.55,1.86,22.24,53.92,0.47,IN_CONTROL,IN_CONTROL,IN_CONTROL,IN_CONTROL
"10nm",LOT_0033,W016,3.72,1.72,21.78,56.17,0.48,IN_CONTROL,IN_CONTROL,IN_CONTROL,IN_CONTROL
"10nm",LOT_0017,W021,3.49,1.88,19.23,49.89,0.48,IN_CONTROL,IN_CONTROL,IN_CONTROL,WARNING
"10nm",LOT_0032,W007,3.53,2.00,19.64,50.99,0.48,IN_CONTROL,IN_CONTROL,IN_CONTROL,IN_CONTROL
"10nm",LOT_0017,W006,3.69,1.83,23.97,57.79,0.48,IN_CONTROL,IN_CONTROL,IN_CONTROL,IN_CONTROL
"10nm",LOT_0050,W002,3.61,1.59,22.24,52.04,0.48,IN_CONTROL,WARNING,IN_CONTROL,IN_CONTROL
"10nm",LOT_0027,W025,3.56,2.11,21.88,54.20,0.48,IN_CONTROL,IN_CONTROL,IN_CONTROL,IN_CONTROL
"10nm",LOT_0015,W022,3.58,1.73,21.76,56.77,0.48,IN_CONTROL,IN_CONTROL,IN_CONTROL,IN_CONTROL
"10nm",LOT_0038,W016,3.51,1.78,22.75,60.25,0.49,IN_CONTROL,IN_CONTROL,IN_CONTROL,WARNING
"10nm",LOT_0032,W003,3.50,2.01,22.89,58.88,0.49,IN_CONTROL,IN_CONTROL,IN_CONTROL,IN_CONTROL
"10nm",LOT_0032,W018,3.62,1.73,22.99,55.75,0.49,IN_CONTROL,IN_CONTROL,IN_CONTROL,IN_CONTROL
"10nm",LOT_0017,W004,3.61,1.87,22.67,55.75,0.49,IN_CONTROL,IN_CONTROL,IN_CONTROL,IN_CONTROL
"10nm",LOT_0032,W023,3.56,1.97,19.58,53.89,0.49,IN_CONTROL,IN_CONTROL,IN_CONTROL,IN_CONTROL
"10nm",LOT_0044,W009,3.76,1.89,20.88,58.56,0.49,IN_CONTROL,IN_CONTROL,IN_CONTROL,IN_CONTROL
"10nm",LOT_0018,W002,3.85,2.00,23.16,60.48,0.49,WARNING,IN_CONTROL,IN_CONTROL,WARNING
"10nm",LOT_0033,W006,3.66,2.06,20.36,59.53,0.49,IN_CONTROL,IN_CONTROL,IN_CONTROL,IN_CONTROL
"10nm",LOT_0008,W001,3.65,2.16,21.11,55.59,0.49,IN_CONTROL,WARNING,IN_CONTROL,IN_CONTROL
"10nm",LOT_0033,W013,3.68,1.82,22.87,51.07,0.49,IN_CONTROL,IN_CONTROL,IN_CONTROL,IN_CONTROL
"10nm",LOT_0050,W013,3.74,1.77,20.08,56.08,0.49,IN_CONTROL,IN_CONTROL,IN_CONTROL,IN_CONTROL
"10nm",LOT_0042,W023,3.69,1.95,19.84,54.36,0.49,IN_CONTROL,IN_CONTROL,IN_CONTROL,IN_CONTROL
"10nm",LOT_0017,W014,3.60,1.92,21.94,53.54,0.49,IN_CONTROL,IN_CONTROL,IN_CONTROL,IN_CONTROL
"10nm",LOT_0010,W020,3.67,1.99,21.58,54.60,0.49,IN_CONTROL,IN_CONTROL,IN_CONTROL,IN_CONTROL
"10nm",LOT_0038,W020,3.64,1.72,22.58,53.52,0.50,IN_CONTROL,IN_CONTROL,IN_CONTROL,IN_CONTROL
"10nm",LOT_0042,W008,3.63,2.13,20.37,52.61,0.50,IN_CONTROL,IN_CONTROL,IN_CONTROL,IN_CONTROL
"10nm",LOT_0050,W017,3.75,1.73,21.49,48.65,0.50,IN_CONTROL,IN_CONTROL,IN_CONTROL,WARNING
"10nm",LOT_0050,W012,3.70,1.58,22.22,53.50,0.50,IN_CONTROL,WARNING,IN_CONTROL,IN_CONTROL
"10nm",LOT_0017,W003,3.57,1.93,21.60,55.42,0.50,IN_CONTROL,IN_CONTROL,IN_CONTROL,IN_CONTROL
"10nm",LOT_0010,W024,3.49,1.98,21.81,52.34,0.50,IN_CONTROL,IN_CONTROL,IN_CONTROL,IN_CONTROL
"10nm",LOT_0003,W012,3.46,1.91,21.47,56.13,0.51,IN_CONTROL,IN_CONTROL,IN_CONTROL,IN_CONTROL
"10nm",LOT_0003,W005,3.52,1.83,21.48,54.20,0.51,IN_CONTROL,IN_CONTROL,IN_CONTROL,IN_CONTROL
"10nm",LOT_0015,W018,3.52,2.10,25.13,53.93,0.51,IN_CONTROL,IN_CONTROL,WARNING,IN_CONTROL
"10nm",LOT_0050,W008,3.74,1.74,23.82,55.45,0.51,IN_CONTROL,IN_CONTROL,IN_CONTROL,IN_CONTROL
"10nm",LOT_0042,W010,3.77,1.79,22.82,54.98,0.52,IN_CONTROL,IN_CONTROL,IN_CONTROL,IN_CONTROL
"10nm",LOT_0042,W003,3.80,1.81,21.67,50.13,0.52,IN_CONTROL,IN_CONTROL,IN_CONTROL,IN_CONTROL
"10nm",LOT_0017,W010,3.70,1.90,23.13,54.51,0.52,IN_CONTROL,IN_CONTROL,IN_CONTROL,IN_CONTROL
"10nm",LOT_0017,W022,3.54,2.26,23.76,53.63,0.52,IN_CONTROL,WARNING,IN_CONTROL,IN_CONTROL
"10nm",LOT_0010,W017,3.54,1.92,23.78,53.53,0.52,IN_CONTROL,IN_CONTROL,IN_CONTROL,IN_CONTROL
"10nm",LOT_0035,W025,3.58,1.70,20.72,55.12,0.52,IN_CONTROL,IN_CONTROL,IN_CONTROL,IN_CONTROL
"10nm",LOT_0038,W008,3.57,1.88,22.50,53.20,0.52,IN_CONTROL,IN_CONTROL,IN_CONTROL,IN_CONTROL
"10nm",LOT_0032,W017,3.65,1.81,19.52,53.86,0.53,IN_CONTROL,IN_CONTROL,IN_CONTROL,IN_CONTROL
"10nm",LOT_0017,W018,3.86,1.90,23.89,50.84,0.53,WARNING,IN_CONTROL,IN_CONTROL,IN_CONTROL
"10nm",LOT_0001,W012,3.61,1.90,21.38,55.20,0.53,IN_CONTROL,IN_CONTROL,IN_CONTROL,IN_CONTROL
"10nm",LOT_0017,W020,3.72,2.06,22.45,54.64,0.53,IN_CONTROL,IN_CONTROL,IN_CONTROL,IN_CONTROL
"10nm",LOT_0044,W010,3.70,2.11,21.18,52.50,0.53,IN_CONTROL,IN_CONTROL,IN_CONTROL,IN_CONTROL
"10nm",LOT_0033,W017,3.69,1.80,22.08,53.24,0.53,IN_CONTROL,IN_CONTROL,IN_CONTROL,IN_CONTROL
"10nm",LOT_0015,W003,3.52,2.02,22.43,52.09,0.53,IN_CONTROL,IN_CONTROL,IN_CONTROL,IN_CONTROL
"10nm",LOT_0003,W023,3.54,1.97,23.76,55.45,0.53,IN_CONTROL,IN_CONTROL,IN_CONTROL,IN_CONTROL
"10nm",LOT_0044,W022,3.70,1.83,22.00,55.15,0.53,IN_CONTROL,IN_CONTROL,IN_CONTROL,IN_CONTROL
"10nm",LOT_0032,W016,3.62,1.90,23.60,56.52,0.53,IN_CONTROL,IN_CONTROL,IN_CONTROL,IN_CONTROL
"10nm",LOT_0033,W012,3.67,2.04,23.98,53.27,0.53,IN_CONTROL,IN_CONTROL,IN_CONTROL,IN_CONTROL
"10nm",LOT_0035,W022,3.60,1.87,21.27,58.48,0.53,IN_CONTROL,IN_CONTROL,IN_CONTROL,IN_CONTROL
"10nm",LOT_0018,W017,3.65,1.92,23.79,57.10,0.54,IN_CONTROL,IN_CONTROL,IN_CONTROL,IN_CONTROL
"10nm",LOT_0038,W006,3.57,2.04,23.23,49.13,0.54,IN_CONTROL,IN_CONTROL,IN_CONTROL,WARNING
"10nm",LOT_0033,W023,3.77,1.86,20.84,53.31,0.54,IN_CONTROL,IN_CONTROL,IN_CONTROL,IN_CONTROL
"10nm",LOT_0010,W003,3.59,2.00,22.12,53.85,0.54,IN_CONTROL,IN_CONTROL,IN_CONTROL,IN_CONTROL
"10nm",LOT_0003,W025,3.65,1.98,22.63,52.78,0.54,IN_CONTROL,IN_CONTROL,IN_CONTROL,IN_CONTROL
"10nm",LOT_0027,W024,3.61,2.09,20.59,51.08,0.55,IN_CONTROL,IN_CONTROL,IN_CONTROL,IN_CONTROL
"10nm",LOT_0018,W004,3.65,1.98,23.34,57.31,0.55,IN_CONTROL,IN_CONTROL,IN_CONTROL,IN_CONTROL
"10nm",LOT_0050,W014,3.75,1.77,20.38,60.44,0.55,IN_CONTROL,IN_CONTROL,IN_CONTROL,WARNING
"10nm",LOT_0044,W024,3.74,1.83,23.59,56.19,0.55,IN_CONTROL,IN_CONTROL,IN_CONTROL,IN_CONTROL
"10nm",LOT_0044,W006,3.59,2.00,23.06,53.82,0.55,IN_CONTROL,IN_CONTROL,IN_CONTROL,IN_CONTROL
"10nm",LOT_0008,W020,3.47,1.93,22.27,53.32,0.55,IN_CONTROL,IN_CONTROL,IN_CONTROL,IN_CONTROL
"10nm",LOT_0027,W019,3.59,1.92,22.65,55.87,0.55,IN_CONTROL,IN_CONTROL,IN_CONTROL,IN_CONTROL
"10nm",LOT_0003,W014,3.59,2.16,20.63,55.20,0.55,IN_CONTROL,WARNING,IN_CONTROL,IN_CONTROL
"10nm",LOT_0003,W004,3.63,1.98,20.27,55.80,0.55,IN_CONTROL,IN_CONTROL,IN_CONTROL,IN_CONTROL
"10nm",LOT_0001,W018,3.47,2.01,21.00,58.40,0.55,IN_CONTROL,IN_CONTROL,IN_CONTROL,IN_CONTROL
"10nm",LOT_0003,W018,3.64,1.93,22.75,60.72,0.56,IN_CONTROL,IN_CONTROL,IN_CONTROL,WARNING
"10nm",LOT_0015,W007,3.53,2.12,23.50,58.90,0.56,IN_CONTROL,IN_CONTROL,IN_CONTROL,IN_CONTROL
"10nm",LOT_0042,W020,3.82,1.99,21.78,52.41,0.56,WARNING,IN_CONTROL,IN_CONTROL,IN_CONTROL
"10nm",LOT_0015,W002,3.54,1.84,19.60,50.23,0.56,IN_CONTROL,IN_CONTROL,IN_CONTROL,IN_CONTROL
"10nm",LOT_0018,W008,3.63,1.96,21.95,59.78,0.56,IN_CONTROL,IN_CONTROL,IN_CONTROL,IN_CONTROL
"10nm",LOT_0027,W001,3.59,2.03,23.42,55.50,0.56,IN_CONTROL,IN_CONTROL,IN_CONTROL,IN_CONTROL
"10nm",LOT_0032,W006,3.74,2.17,19.75,55.10,0.56,IN_CONTROL,WARNING,IN_CONTROL,IN_CONTROL
"10nm",LOT_0042,W015,3.74,1.86,22.86,51.95,0.57,IN_CONTROL,IN_CONTROL,IN_CONTROL,IN_CONTROL
"10nm",LOT_0050,W022,3.72,1.73,20.14,54.16,0.57,IN_CONTROL,IN_CONTROL,IN_CONTROL,IN_CONTROL
"10nm",LOT_0008,W008,3.52,1.89,24.00,59.80,0.57,IN_CONTROL,IN_CONTROL,IN_CONTROL,IN_CONTROL
"10nm",LOT_0050,W003,3.66,1.66,21.84,58.21,0.57,IN_CONTROL,WARNING,IN_CONTROL,IN_CONTROL
"10nm",LOT_0010,W001,3.49,1.95,22.47,51.05,0.57,IN_CONTROL,IN_CONTROL,IN_CONTROL,IN_CONTROL
"10nm",LOT_0010,W015,3.52,2.04,22.06,54.32,0.57,IN_CONTROL,IN_CONTROL,IN_CONTROL,IN_CONTROL
"10nm",LOT_0033,W018,3.71,1.98,21.79,55.01,0.57,IN_CONTROL,IN_CONTROL,IN_CONTROL,IN_CONTROL
"10nm",LOT_0001,W023,3.65,1.78,20.59,53.72,0.57,IN_CONTROL,IN_CONTROL,IN_CONTROL,IN_CONTROL
"10nm",LOT_0033,W022,3.66,1.91,21.49,52.76,0.58,IN_CONTROL,IN_CONTROL,IN_CONTROL,IN_CONTROL
"10nm",LOT_0010,W014,3.44,1.94,21.30,52.52,0.58,IN_CONTROL,IN_CONTROL,IN_CONTROL,IN_CONTROL
"10nm",LOT_0044,W014,3.71,1.89,21.53,57.89,0.58,IN_CONTROL,IN_CONTROL,IN_CONTROL,IN_CONTROL
"10nm",LOT_0050,W001,3.72,1.81,21.06,56.48,0.58,IN_CONTROL,IN_CONTROL,IN_CONTROL,IN_CONTROL
"10nm",LOT_0032,W014,3.59,1.76,22.39,54.59,0.58,IN_CONTROL,IN_CONTROL,IN_CONTROL,IN_CONTROL
"10nm",LOT_0033,W015,3.68,1.84,22.85,57.20,0.58,IN_CONTROL,IN_CONTROL,IN_CONTROL,IN_CONTROL
"10nm",LOT_0015,W024,3.54,1.98,20.49,52.21,0.58,IN_CONTROL,IN_CONTROL,IN_CONTROL,IN_CONTROL
"10nm",LOT_0038,W021,3.60,1.77,20.45,52.61,0.59,IN_CONTROL,IN_CONTROL,IN_CONTROL,IN_CONTROL
"10nm",LOT_0018,W019,3.71,1.72,22.34,56.39,0.59,IN_CONTROL,IN_CONTROL,IN_CONTROL,IN_CONTROL
"10nm",LOT_0027,W020,3.70,1.92,21.49,56.41,0.59,IN_CONTROL,IN_CONTROL,IN_CONTROL,IN_CONTROL
"10nm",LOT_0038,W005,3.67,1.88,21.21,51.51,0.59,IN_CONTROL,IN_CONTROL,IN_CONTROL,IN_CONTROL
"10nm",LOT_0008,W019,3.64,1.88,22.73,52.83,0.59,IN_CONTROL,IN_CONTROL,IN_CONTROL,IN_CONTROL
"10nm",LOT_0010,W018,3.47,2.02,23.80,52.26,0.59,IN_CONTROL,IN_CONTROL,IN_CONTROL,IN_CONTROL
"10nm",LOT_0042,W016,3.79,1.79,20.08,55.72,0.59,IN_CONTROL,IN_CONTROL,IN_CONTROL,IN_CONTROL
"10nm",LOT_0018,W011,3.60,2.05,23.41,55.47,0.59,IN_CONTROL,IN_CONTROL,IN_CONTROL,IN_CONTROL
"10nm",LOT_0001,W006,3.40,1.97,21.97,50.82,0.60,WARNING,IN_CONTROL,IN_CONTROL,IN_CONTROL
"10nm",LOT_0033,W014,3.74,1.87,21.22,49.68,0.60,IN_CONTROL,IN_CONTROL,IN_CONTROL,WARNING
"10nm",LOT_0044,W008,3.73,1.87,21.02,53.61,0.60,IN_CONTROL,IN_CONTROL,IN_CONTROL,IN_CONTROL
"10nm",LOT_0008,W024,3.36,1.89,23.07,56.07,0.60,WARNING,IN_CONTROL,IN_CONTROL,IN_CONTROL
"10nm",LOT_0032,W025,3.54,1.89,21.58,56.76,0.60,IN_CONTROL,IN_CONTROL,IN_CONTROL,IN_CONTROL
"10nm",LOT_0015,W004,3.67,1.60,21.26,59.29,0.60,IN_CONTROL,WARNING,IN_CONTROL,IN_CONTROL
"10nm",LOT_0044,W019,3.66,1.85,21.22,55.59,0.61,IN_CONTROL,IN_CONTROL,IN_CONTROL,IN_CONTROL
"10nm",LOT_0015,W011,3.64,1.93,22.60,57.63,0.61,IN_CONTROL,IN_CONTROL,IN_CONTROL,IN_CONTROL
"10nm",LOT_0008,W022,3.64,1.90,21.68,54.07,0.61,IN_CONTROL,IN_CONTROL,IN_CONTROL,IN_CONTROL
"10nm",LOT_0035,W012,3.57,1.94,20.37,57.20,0.61,IN_CONTROL,IN_CONTROL,IN_CONTROL,IN_CONTROL
"10nm",LOT_0032,W022,3.64,1.82,22.28,56.26,0.61,IN_CONTROL,IN_CONTROL,IN_CONTROL,IN_CONTROL
"10nm",LOT_0027,W014,3.63,2.12,21.54,52.13,0.61,IN_CONTROL,IN_CONTROL,IN_CONTROL,IN_CONTROL
"10nm",LOT_0033,W024,3.65,1.82,20.92,53.60,0.61,IN_CONTROL,IN_CONTROL,IN_CONTROL,IN_CONTROL
"10nm",LOT_0015,W009,3.64,1.96,22.61,54.91,0.61,IN_CONTROL,IN_CONTROL,IN_CONTROL,IN_CONTROL
"10nm",LOT_0035,W001,3.64,1.97,20.76,56.11,0.61,IN_CONTROL,IN_CONTROL,IN_CONTROL,IN_CONTROL
"10nm",LOT_0027,W017,3.72,1.93,23.23,53.63,0.62,IN_CONTROL,IN_CONTROL,IN_CONTROL,IN_CONTROL
"10nm",LOT_0027,W022,3.54,2.01,22.00,57.13,0.62,IN_CONTROL,IN_CONTROL,IN_CONTROL,IN_CONTROL
"10nm",LOT_0003,W022,3.56,2.05,21.11,51.80,0.62,IN_CONTROL,IN_CONTROL,IN_CONTROL,IN_CONTROL
"10nm",LOT_0027,W004,3.55,1.87,22.01,57.25,0.62,IN_CONTROL,IN_CONTROL,IN_CONTROL,IN_CONTROL
"10nm",LOT_0032,W010,3.62,1.92,22.70,54.76,0.62,IN_CONTROL,IN_CONTROL,IN_CONTROL,IN_CONTROL
"10nm",LOT_0015,W016,3.69,2.08,23.18,57.33,0.62,IN_CONTROL,IN_CONTROL,IN_CONTROL,IN_CONTROL
"10nm",LOT_0033,W004,3.64,1.81,22.41,56.12,0.62,IN_CONTROL,IN_CONTROL,IN_CONTROL,IN_CONTROL
"10nm",LOT_0032,W005,3.63,1.93,21.66,54.95,0.63,IN_CONTROL,IN_CONTROL,IN_CONTROL,IN_CONTROL
"10nm",LOT_0035,W007,3.59,1.68,23.53,58.08,0.63,IN_CONTROL,IN_CONTROL,IN_CONTROL,IN_CONTROL
"10nm",LOT_0027,W003,3.61,1.81,22.96,53.64,0.63,IN_CONTROL,IN_CONTROL,IN_CONTROL,IN_CONTROL
"10nm",LOT_0015,W006,3.67,1.93,22.15,53.52,0.63,IN_CONTROL,IN_CONTROL,IN_CONTROL,IN_CONTROL
"10nm",LOT_0035,W024,3.63,1.84,21.75,54.13,0.63,IN_CONTROL,IN_CONTROL,IN_CONTROL,IN_CONTROL
"10nm",LOT_0042,W012,3.72,1.79,21.76,54.21,0.63,IN_CONTROL,IN_CONTROL,IN_CONTROL,IN_CONTROL
"10nm",LOT_0032,W012,3.63,1.85,23.64,59.59,0.63,IN_CONTROL,IN_CONTROL,IN_CONTROL,IN_CONTROL
"10nm",LOT_0038,W007,3.56,1.70,21.24,59.21,0.63,IN_CONTROL,IN_CONTROL,IN_CONTROL,IN_CONTROL
"10nm",LOT_0032,W001,3.53,1.92,22.44,56.56,0.63,IN_CONTROL,IN_CONTROL,IN_CONTROL,IN_CONTROL
"10nm",LOT_0033,W011,3.76,1.89,21.03,55.33,0.63,IN_CONTROL,IN_CONTROL,IN_CONTROL,IN_CONTROL
"10nm",LOT_0018,W022,3.65,1.74,21.44,53.36,0.64,IN_CONTROL,IN_CONTROL,IN_CONTROL,IN_CONTROL
"10nm",LOT_0017,W012,3.56,1.86,23.30,55.37,0.64,IN_CONTROL,IN_CONTROL,IN_CONTROL,IN_CONTROL
"10nm",LOT_0017,W001,3.60,2.08,21.51,60.01,0.64,IN_CONTROL,IN_CONTROL,IN_CONTROL,IN_CONTROL
"10nm",LOT_0050,W015,3.63,1.90,23.24,57.45,0.64,IN_CONTROL,IN_CONTROL,IN_CONTROL,IN_CONTROL
"10nm",LOT_0033,W003,3.65,1.94,22.65,54.96,0.64,IN_CONTROL,IN_CONTROL,IN_CONTROL,IN_CONTROL
"10nm",LOT_0017,W023,3.60,1.84,21.42,52.19,0.64,IN_CONTROL,IN_CONTROL,IN_CONTROL,IN_CONTROL
"10nm",LOT_0038,W002,3.51,1.93,21.18,54.32,0.64,IN_CONTROL,IN_CONTROL,IN_CONTROL,IN_CONTROL
"10nm",LOT_0035,W019,3.83,1.87,20.44,51.70,0.64,WARNING,IN_CONTROL,IN_CONTROL,IN_CONTROL
"10nm",LOT_0038,W025,3.66,1.70,22.63,54.14,0.65,IN_CONTROL,IN_CONTROL,IN_CONTROL,IN_CONTROL
"10nm",LOT_0015,W025,3.63,2.05,23.09,60.92,0.65,IN_CONTROL,IN_CONTROL,IN_CONTROL,WARNING
"10nm",LOT_0001,W011,3.53,2.03,20.59,56.29,0.65,IN_CONTROL,IN_CONTROL,IN_CONTROL,IN_CONTROL
"10nm",LOT_0042,W004,3.53,1.97,19.71,55.90,0.65,IN_CONTROL,IN_CONTROL,IN_CONTROL,IN_CONTROL
"10nm",LOT_0050,W019,3.61,1.92,22.35,55.62,0.65,IN_CONTROL,IN_CONTROL,IN_CONTROL,IN_CONTROL
"10nm",LOT_0027,W011,3.62,2.03,20.68,51.80,0.65,IN_CONTROL,IN_CONTROL,IN_CONTROL,IN_CONTROL
"10nm",LOT_0032,W020,3.79,1.91,22.64,53.07,0.65,IN_CONTROL,IN_CONTROL,IN_CONTROL,IN_CONTROL
"10nm",LOT_0008,W003,3.46,1.98,22.17,56.27,0.65,IN_CONTROL,IN_CONTROL,IN_CONTROL,IN_CONTROL
"10nm",LOT_0042,W024,3.82,1.90,22.16,51.23,0.65,WARNING,IN_CONTROL,IN_CONTROL,IN_CONTROL
"10nm",LOT_0033,W002,3.66,1.90,23.17,51.43,0.65,IN_CONTROL,IN_CONTROL,IN_CONTROL,IN_CONTROL
"10nm",LOT_0010,W023,3.56,2.07,21.53,54.40,0.65,IN_CONTROL,IN_CONTROL,IN_CONTROL,IN_CONTROL
"10nm",LOT_0038,W003,3.55,1.89,22.51,54.83,0.65,IN_CONTROL,IN_CONTROL,IN_CONTROL,IN_CONTROL
"10nm",LOT_0001,W010,3.55,1.99,21.81,56.85,0.66,IN_CONTROL,IN_CONTROL,IN_CONTROL,IN_CONTROL
"10nm",LOT_0017,W017,3.67,1.87,20.45,56.09,0.66,IN_CONTROL,IN_CONTROL,IN_CONTROL,IN_CONTROL
"10nm",LOT_0042,W021,3.61,1.73,23.93,58.31,0.66,IN_CONTROL,IN_CONTROL,IN_CONTROL,IN_CONTROL
"10nm",LOT_0050,W006,3.65,1.93,23.06,54.32,0.66,IN_CONTROL,IN_CONTROL,IN_CONTROL,IN_CONTROL
"10nm",LOT_0035,W010,3.75,1.71,22.28,53.99,0.66,IN_CONTROL,IN_CONTROL,IN_CONTROL,IN_CONTROL
"10nm",LOT_0027,W002,3.74,2.00,23.81,57.74,0.66,IN_CONTROL,IN_CONTROL,IN_CONTROL,IN_CONTROL
"10nm",LOT_0032,W019,3.64,1.79,23.31,54.22,0.66,IN_CONTROL,IN_CONTROL,IN_CONTROL,IN_CONTROL
"10nm",LOT_0050,W016,3.64,1.84,21.76,55.64,0.66,IN_CONTROL,IN_CONTROL,IN_CONTROL,IN_CONTROL
"10nm",LOT_0042,W006,3.71,1.85,23.31,54.64,0.66,IN_CONTROL,IN_CONTROL,IN_CONTROL,IN_CONTROL
"10nm",LOT_0010,W010,3.47,1.97,21.54,57.87,0.66,IN_CONTROL,IN_CONTROL,IN_CONTROL,IN_CONTROL
"10nm",LOT_0038,W010,3.51,2.06,23.96,50.56,0.66,IN_CONTROL,IN_CONTROL,IN_CONTROL,IN_CONTROL
"10nm",LOT_0042,W013,3.73,2.04,21.78,57.91,0.67,IN_CONTROL,IN_CONTROL,IN_CONTROL,IN_CONTROL
"10nm",LOT_0042,W018,3.58,2.03,22.04,56.58,0.67,IN_CONTROL,IN_CONTROL,IN_CONTROL,IN_CONTROL
"10nm",LOT_0003,W019,3.56,1.84,20.54,57.99,0.67,IN_CONTROL,IN_CONTROL,IN_CONTROL,IN_CONTROL
"10nm",LOT_0050,W025,3.73,1.82,22.70,54.61,0.67,IN_CONTROL,IN_CONTROL,IN_CONTROL,IN_CONTROL
"10nm",LOT_0010,W013,3.55,1.98,23.55,58.91,0.67,IN_CONTROL,IN_CONTROL,IN_CONTROL,IN_CONTROL
"10nm",LOT_0033,W010,3.65,1.95,23.31,51.17,0.67,IN_CONTROL,IN_CONTROL,IN_CONTROL,IN_CONTROL
"10nm",LOT_0001,W020,3.53,1.85,22.86,57.43,0.67,IN_CONTROL,IN_CONTROL,IN_CONTROL,IN_CONTROL
"10nm",LOT_0015,W020,3.40,2.04,22.61,54.71,0.67,WARNING,IN_CONTROL,IN_CONTROL,IN_CONTROL
"10nm",LOT_0018,W021,3.65,1.96,18.36,57.06,0.67,IN_CONTROL,IN_CONTROL,WARNING,IN_CONTROL
"10nm",LOT_0027,W007,3.61,1.89,23.18,53.37,0.67,IN_CONTROL,IN_CONTROL,IN_CONTROL,IN_CONTROL
"10nm",LOT_0032,W013,3.61,1.98,20.69,53.55,0.67,IN_CONTROL,IN_CONTROL,IN_CONTROL,IN_CONTROL
"10nm",LOT_0027,W008,3.50,2.05,17.71,51.93,0.67,IN_CONTROL,IN_CONTROL,OOC,IN_CONTROL
"10nm",LOT_0015,W019,3.65,1.80,21.39,55.04,0.67,IN_CONTROL,IN_CONTROL,IN_CONTROL,IN_CONTROL
"10nm",LOT_0001,W001,3.56,2.15,21.30,55.60,0.68,IN_CONTROL,IN_CONTROL,IN_CONTROL,IN_CONTROL
"10nm",LOT_0015,W015,3.55,1.93,21.72,56.48,0.68,IN_CONTROL,IN_CONTROL,IN_CONTROL,IN_CONTROL
"10nm",LOT_0001,W017,3.62,2.00,20.18,57.90,0.68,IN_CONTROL,IN_CONTROL,IN_CONTROL,IN_CONTROL
"10nm",LOT_0003,W002,3.48,2.21,22.93,57.82,0.68,IN_CONTROL,WARNING,IN_CONTROL,IN_CONTROL
"10nm",LOT_0008,W023,3.62,1.90,21.64,50.83,0.68,IN_CONTROL,IN_CONTROL,IN_CONTROL,IN_CONTROL
"10nm",LOT_0033,W008,3.54,1.97,22.87,59.39,0.68,IN_CONTROL,IN_CONTROL,IN_CONTROL,IN_CONTROL
"10nm",LOT_0038,W012,3.48,1.67,21.63,56.45,0.68,IN_CONTROL,WARNING,IN_CONTROL,IN_CONTROL
"10nm",LOT_0042,W022,3.75,1.88,22.05,60.05,0.68,IN_CONTROL,IN_CONTROL,IN_CONTROL,IN_CONTROL
"10nm",LOT_0033,W021,3.67,1.99,21.23,53.47,0.68,IN_CONTROL,IN_CONTROL,IN_CONTROL,IN_CONTROL
"10nm",LOT_0042,W009,3.89,2.05,23.90,54.46,0.68,WARNING,IN_CONTROL,IN_CONTROL,IN_CONTROL
"10nm",LOT_0017,W005,3.56,1.89,19.77,56.52,0.69,IN_CONTROL,IN_CONTROL,IN_CONTROL,IN_CONTROL
"10nm",LOT_0027,W016,3.56,1.97,20.00,51.23,0.69,IN_CONTROL,IN_CONTROL,IN_CONTROL,IN_CONTROL
"10nm",LOT_0010,W021,3.62,2.11,22.37,59.00,0.69,IN_CONTROL,IN_CONTROL,IN_CONTROL,IN_CONTROL
"10nm",LOT_0003,W006,3.50,2.03,21.80,57.71,0.69,IN_CONTROL,IN_CONTROL,IN_CONTROL,IN_CONTROL
"10nm",LOT_0001,W025,3.57,1.83,20.38,59.22,0.69,IN_CONTROL,IN_CONTROL,IN_CONTROL,IN_CONTROL
"10nm",LOT_0035,W008,3.58,1.85,22.48,55.82,0.69,IN_CONTROL,IN_CONTROL,IN_CONTROL,IN_CONTROL
"10nm",LOT_0035,W016,3.54,1.76,22.60,56.62,0.70,IN_CONTROL,IN_CONTROL,IN_CONTROL,IN_CONTROL
"10nm",LOT_0027,W015,3.62,1.90,23.73,55.17,0.70,IN_CONTROL,IN_CONTROL,IN_CONTROL,IN_CONTROL
"10nm",LOT_0033,W001,3.73,1.96,20.73,58.43,0.70,IN_CONTROL,IN_CONTROL,IN_CONTROL,IN_CONTROL
"10nm",LOT_0044,W016,3.63,1.96,20.64,55.33,0.70,IN_CONTROL,IN_CONTROL,IN_CONTROL,IN_CONTROL
"10nm",LOT_0042,W011,3.81,2.09,21.49,56.99,0.70,WARNING,IN_CONTROL,IN_CONTROL,IN_CONTROL
"10nm",LOT_0003,W010,3.59,1.89,19.13,55.99,0.71,IN_CONTROL,IN_CONTROL,WARNING,IN_CONTROL
"10nm",LOT_0015,W005,3.60,1.89,23.44,50.51,0.71,IN_CONTROL,IN_CONTROL,IN_CONTROL,IN_CONTROL
"10nm",LOT_0042,W007,3.67,1.97,20.18,51.67,0.71,IN_CONTROL,IN_CONTROL,IN_CONTROL,IN_CONTROL
"10nm",LOT_0044,W003,3.79,1.92,20.34,56.57,0.72,IN_CONTROL,IN_CONTROL,IN_CONTROL,IN_CONTROL
"10nm",LOT_0044,W005,3.68,1.69,21.04,57.98,0.72,IN_CONTROL,IN_CONTROL,IN_CONTROL,IN_CONTROL
"10nm",LOT_0044,W015,3.72,1.91,21.82,52.43,0.72,IN_CONTROL,IN_CONTROL,IN_CONTROL,IN_CONTROL
"10nm",LOT_0038,W023,3.43,1.81,23.73,56.89,0.72,IN_CONTROL,IN_CONTROL,IN_CONTROL,IN_CONTROL
"10nm",LOT_0008,W025,3.51,1.88,22.09,57.37,0.72,IN_CONTROL,IN_CONTROL,IN_CONTROL,IN_CONTROL
"10nm",LOT_0008,W013,3.57,1.93,22.51,54.16,0.72,IN_CONTROL,IN_CONTROL,IN_CONTROL,IN_CONTROL
"10nm",LOT_0001,W016,3.48,2.05,19.32,51.95,0.72,IN_CONTROL,IN_CONTROL,IN_CONTROL,IN_CONTROL
"10nm",LOT_0008,W004,3.61,1.97,21.91,56.25,0.73,IN_CONTROL,IN_CONTROL,IN_CONTROL,IN_CONTROL
"10nm",LOT_0032,W024,3.67,1.94,22.83,54.28,0.73,IN_CONTROL,IN_CONTROL,IN_CONTROL,IN_CONTROL
"10nm",LOT_0010,W008,3.62,1.90,21.67,52.06,0.73,IN_CONTROL,IN_CONTROL,IN_CONTROL,IN_CONTROL
"10nm",LOT_0035,W002,3.63,1.85,22.68,53.69,0.73,IN_CONTROL,IN_CONTROL,IN_CONTROL,IN_CONTROL
"10nm",LOT_0038,W004,3.31,1.90,20.36,53.12,0.73,OOC,IN_CONTROL,IN_CONTROL,IN_CONTROL
"10nm",LOT_0001,W013,3.52,1.92,23.30,52.00,0.74,IN_CONTROL,IN_CONTROL,IN_CONTROL,IN_CONTROL
"10nm",LOT_0032,W009,3.65,1.94,22.97,58.65,0.74,IN_CONTROL,IN_CONTROL,IN_CONTROL,IN_CONTROL
"10nm",LOT_0042,W001,3.68,2.04,21.67,53.72,0.74,IN_CONTROL,IN_CONTROL,IN_CONTROL,IN_CONTROL
"10nm",LOT_0001,W021,3.38,1.99,21.79,55.30,0.75,WARNING,IN_CONTROL,IN_CONTROL,IN_CONTROL
"10nm",LOT_0050,W018,3.59,1.89,22.09,55.51,0.75,IN_CONTROL,IN_CONTROL,IN_CONTROL,IN_CONTROL
"10nm",LOT_0018,W003,3.66,2.05,23.17,55.05,0.75,IN_CONTROL,IN_CONTROL,IN_CONTROL,IN_CONTROL
"10nm",LOT_0017,W025,3.56,1.86,20.72,57.16,0.75,IN_CONTROL,IN_CONTROL,IN_CONTROL,IN_CONTROL
"10nm",LOT_0017,W009,3.72,1.95,21.24,54.57,0.76,IN_CONTROL,IN_CONTROL,IN_CONTROL,IN_CONTROL
"10nm",LOT_0044,W004,3.72,1.74,21.17,57.97,0.76,IN_CONTROL,IN_CONTROL,IN_CONTROL,IN_CONTROL
"10nm",LOT_0001,W022,3.46,2.01,21.35,54.14,0.76,IN_CONTROL,IN_CONTROL,IN_CONTROL,IN_CONTROL
"10nm",LOT_0008,W005,3.58,2.08,20.50,54.29,0.76,IN_CONTROL,IN_CONTROL,IN_CONTROL,IN_CONTROL
"10nm",LOT_0027,W018,3.55,2.17,21.67,53.47,0.76,IN_CONTROL,WARNING,IN_CONTROL,IN_CONTROL
"10nm",LOT_0003,W003,3.50,1.87,21.31,57.70,0.76,IN_CONTROL,IN_CONTROL,IN_CONTROL,IN_CONTROL
"10nm",LOT_0008,W015,3.54,2.07,19.67,59.36,0.76,IN_CONTROL,IN_CONTROL,IN_CONTROL,IN_CONTROL
"10nm",LOT_0003,W013,3.46,1.95,20.16,55.09,0.76,IN_CONTROL,IN_CONTROL,IN_CONTROL,IN_CONTROL
"10nm",LOT_0015,W010,3.58,1.96,20.95,55.61,0.76,IN_CONTROL,IN_CONTROL,IN_CONTROL,IN_CONTROL
"10nm",LOT_0038,W013,3.59,1.77,20.99,51.14,0.77,IN_CONTROL,IN_CONTROL,IN_CONTROL,IN_CONTROL
"10nm",LOT_0044,W017,3.77,1.89,22.83,54.65,0.77,IN_CONTROL,IN_CONTROL,IN_CONTROL,IN_CONTROL
"10nm",LOT_0032,W002,3.67,1.89,22.43,53.48,0.77,IN_CONTROL,IN_CONTROL,IN_CONTROL,IN_CONTROL
"10nm",LOT_0008,W007,3.41,1.88,23.28,60.30,0.77,WARNING,IN_CONTROL,IN_CONTROL,WARNING
"10nm",LOT_0003,W007,3.47,2.01,23.58,57.76,0.77,IN_CONTROL,IN_CONTROL,IN_CONTROL,IN_CONTROL
"10nm",LOT_0032,W004,3.63,1.78,22.85,53.18,0.78,IN_CONTROL,IN_CONTROL,IN_CONTROL,IN_CONTROL
"10nm",LOT_0001,W003,3.41,1.84,19.36,55.81,0.78,WARNING,IN_CONTROL,IN_CONTROL,IN_CONTROL
"10nm",LOT_0018,W015,3.67,1.91,23.43,52.53,0.78,IN_CONTROL,IN_CONTROL,IN_CONTROL,IN_CONTROL
"10nm",LOT_0001,W002,3.41,1.94,20.47,54.60,0.78,WARNING,IN_CONTROL,IN_CONTROL,IN_CONTROL
"10nm",LOT_0032,W008,3.56,1.77,20.18,51.63,0.78,IN_CONTROL,IN_CONTROL,IN_CONTROL,IN_CONTROL
"10nm",LOT_0050,W024,3.77,1.76,22.24,56.43,0.78,IN_CONTROL,IN_CONTROL,IN_CONTROL,IN_CONTROL
"10nm",LOT_0033,W019,3.75,1.78,23.17,56.67,0.78,IN_CONTROL,IN_CONTROL,IN_CONTROL,IN_CONTROL
"10nm",LOT_0008,W006,3.53,1.97,20.38,58.44,0.79,IN_CONTROL,IN_CONTROL,IN_CONTROL,IN_CONTROL
"10nm",LOT_0042,W017,3.73,1.95,20.08,52.20,0.79,IN_CONTROL,IN_CONTROL,IN_CONTROL,IN_CONTROL
"10nm",LOT_0035,W020,3.64,1.69,21.00,52.71,0.79,IN_CONTROL,IN_CONTROL,IN_CONTROL,IN_CONTROL
"10nm",LOT_0038,W017,3.56,1.67,22.43,54.90,0.79,IN_CONTROL,WARNING,IN_CONTROL,IN_CONTROL
"10nm",LOT_0010,W012,3.45,1.96,20.59,55.62,0.79,IN_CONTROL,IN_CONTROL,IN_CONTROL,IN_CONTROL
"10nm",LOT_0010,W011,3.66,1.92,19.80,58.29,0.80,IN_CONTROL,IN_CONTROL,IN_CONTROL,IN_CONTROL
"10nm",LOT_0010,W006,3.65,1.98,21.04,55.54,0.80,IN_CONTROL,IN_CONTROL,IN_CONTROL,IN_CONTROL
"10nm",LOT_0003,W015,3.62,2.00,20.00,50.41,0.80,IN_CONTROL,IN_CONTROL,IN_CONTROL,IN_CONTROL
"10nm",LOT_0035,W013,3.55,1.84,22.21,57.69,0.81,IN_CONTROL,IN_CONTROL,IN_CONTROL,IN_CONTROL
"10nm",LOT_0001,W014,3.59,1.86,20.06,54.74,0.81,IN_CONTROL,IN_CONTROL,IN_CONTROL,IN_CONTROL
"10nm",LOT_0033,W009,3.67,1.97,23.35,53.20,0.82,IN_CONTROL,IN_CONTROL,IN_CONTROL,IN_CONTROL
"10nm",LOT_0008,W017,3.42,1.91,21.98,55.74,0.82,IN_CONTROL,IN_CONTROL,IN_CONTROL,IN_CONTROL
"10nm",LOT_0044,W018,3.63,2.00,23.81,56.33,0.82,IN_CONTROL,IN_CONTROL,IN_CONTROL,IN_CONTROL
"10nm",LOT_0008,W010,3.48,1.95,21.57,57.99,0.83,IN_CONTROL,IN_CONTROL,IN_CONTROL,IN_CONTROL
"10nm",LOT_0008,W009,3.47,2.05,21.59,56.13,0.83,IN_CONTROL,IN_CONTROL,IN_CONTROL,IN_CONTROL
"10nm",LOT_0008,W011,3.46,1.98,21.97,53.18,0.83,IN_CONTROL,IN_CONTROL,IN_CONTROL,IN_CONTROL
"10nm",LOT_0035,W009,3.67,1.97,22.89,61.12,0.83,IN_CONTROL,IN_CONTROL,IN_CONTROL,WARNING
"10nm",LOT_0001,W024,3.46,1.99,20.90,56.45,0.84,IN_CONTROL,IN_CONTROL,IN_CONTROL,IN_CONTROL
"10nm",LOT_0015,W023,3.74,2.02,20.53,55.31,0.84,IN_CONTROL,IN_CONTROL,IN_CONTROL,IN_CONTROL
"10nm",LOT_0008,W012,3.57,1.97,20.91,55.93,0.84,IN_CONTROL,IN_CONTROL,IN_CONTROL,IN_CONTROL
"10nm",LOT_0008,W016,3.61,1.92,22.78,55.80,0.85,IN_CONTROL,IN_CONTROL,IN_CONTROL,IN_CONTROL
"10nm",LOT_0015,W012,3.63,1.85,23.76,53.07,0.85,IN_CONTROL,IN_CONTROL,IN_CONTROL,IN_CONTROL
"10nm",LOT_0003,W011,3.53,1.99,21.36,55.31,0.85,IN_CONTROL,IN_CONTROL,IN_CONTROL,IN_CONTROL
"10nm",LOT_0003,W021,3.68,2.11,23.08,57.49,0.85,IN_CONTROL,IN_CONTROL,IN_CONTROL,IN_CONTROL
"10nm",LOT_0027,W012,3.48,1.81,21.46,52.16,0.87,IN_CONTROL,IN_CONTROL,IN_CONTROL,IN_CONTROL
"10nm",LOT_0017,W016,3.69,1.90,23.09,52.55,0.88,IN_CONTROL,IN_CONTROL,IN_CONTROL,IN_CONTROL
"10nm",LOT_0038,W022,3.51,1.98,21.70,58.34,0.88,IN_CONTROL,IN_CONTROL,IN_CONTROL,IN_CONTROL
"10nm",LOT_0027,W006,3.51,1.71,18.67,55.88,0.88,IN_CONTROL,IN_CONTROL,WARNING,IN_CONTROL
"10nm",LOT_0035,W004,3.56,1.86,20.63,51.98,0.89,IN_CONTROL,IN_CONTROL,IN_CONTROL,IN_CONTROL
"10nm",LOT_0001,W009,3.54,1.89,22.62,57.06,0.89,IN_CONTROL,IN_CONTROL,IN_CONTROL,IN_CONTROL
"10nm",LOT_0003,W016,3.59,2.05,20.45,58.28,0.90,IN_CONTROL,IN_CONTROL,IN_CONTROL,IN_CONTROL
"10nm",LOT_0027,W005,3.54,1.92,19.82,54.52,0.91,IN_CONTROL,IN_CONTROL,IN_CONTROL,IN_CONTROL
"10nm",LOT_0032,W015,3.61,2.14,20.05,56.07,0.91,IN_CONTROL,IN_CONTROL,IN_CONTROL,IN_CONTROL
"10nm",LOT_0027,W023,3.61,1.91,21.75,57.61,0.91,IN_CONTROL,IN_CONTROL,IN_CONTROL,IN_CONTROL
"10nm",LOT_0001,W007,3.52,2.13,21.15,55.25,0.92,IN_CONTROL,IN_CONTROL,IN_CONTROL,IN_CONTROL
"10nm",LOT_0017,W008,3.67,1.84,20.63,54.96,0.93,IN_CONTROL,IN_CONTROL,IN_CONTROL,IN_CONTROL
"10nm",LOT_0001,W005,3.53,2.14,22.49,53.68,0.94,IN_CONTROL,IN_CONTROL,IN_CONTROL,IN_CONTROL
"10nm",LOT_0001,W015,3.61,2.00,20.14,60.33,0.94,IN_CONTROL,IN_CONTROL,IN_CONTROL,WARNING
"10nm",LOT_0003,W008,3.46,2.03,23.08,56.59,0.94,IN_CONTROL,IN_CONTROL,IN_CONTROL,IN_CONTROL
"10nm",LOT_0015,W021,3.51,1.74,23.45,56.80,0.94,IN_CONTROL,IN_CONTROL,IN_CONTROL,IN_CONTROL
"10nm",LOT_0010,W004,3.59,1.90,23.62,49.58,0.95,IN_CONTROL,IN_CONTROL,IN_CONTROL,WARNING
"10nm",LOT_0018,W014,3.62,2.09,21.70,53.91,0.96,IN_CONTROL,IN_CONTROL,IN_CONTROL,IN_CONTROL
"10nm",LOT_0027,W010,3.62,1.98,23.55,57.89,0.97,IN_CONTROL,IN_CONTROL,IN_CONTROL,IN_CONTROL
"10nm",LOT_0010,W025,3.48,1.93,22.17,57.14,0.98,IN_CONTROL,IN_CONTROL,IN_CONTROL,IN_CONTROL
"10nm",LOT_0015,W008,3.54,2.02,21.58,54.99,0.98,IN_CONTROL,IN_CONTROL,IN_CONTROL,IN_CONTROL
"14nm",LOT_0029,W002,3.63,1.86,25.34,65.60,0.15,IN_CONTROL,IN_CONTROL,IN_CONTROL,IN_CONTROL
"14nm",LOT_0004,W001,3.59,1.90,31.72,65.66,0.15,IN_CONTROL,IN_CONTROL,IN_CONTROL,IN_CONTROL
"14nm",LOT_0039,W003,3.65,1.67,30.63,66.62,0.16,IN_CONTROL,IN_CONTROL,IN_CONTROL,WARNING
"14nm",LOT_0021,W015,3.57,1.92,25.75,67.51,0.18,IN_CONTROL,IN_CONTROL,IN_CONTROL,WARNING
"14nm",LOT_0029,W009,3.75,1.97,31.37,66.44,0.18,IN_CONTROL,IN_CONTROL,IN_CONTROL,IN_CONTROL
"14nm",LOT_0043,W002,3.78,1.72,32.39,57.17,0.18,IN_CONTROL,IN_CONTROL,WARNING,IN_CONTROL
"14nm",LOT_0043,W003,3.69,1.75,27.43,60.93,0.19,IN_CONTROL,IN_CONTROL,IN_CONTROL,IN_CONTROL
"14nm",LOT_0021,W010,3.65,2.02,28.22,65.21,0.19,IN_CONTROL,IN_CONTROL,IN_CONTROL,IN_CONTROL
"14nm",LOT_0029,W017,3.80,1.82,26.97,64.12,0.20,WARNING,IN_CONTROL,IN_CONTROL,IN_CONTROL
"14nm",LOT_0029,W013,3.67,1.91,29.62,67.44,0.20,IN_CONTROL,IN_CONTROL,IN_CONTROL,WARNING
"14nm",LOT_0043,W021,3.66,1.97,29.60,56.73,0.21,IN_CONTROL,IN_CONTROL,IN_CONTROL,IN_CONTROL
"14nm",LOT_0039,W008,3.66,1.78,30.99,55.30,0.21,IN_CONTROL,IN_CONTROL,IN_CONTROL,IN_CONTROL
"14nm",LOT_0014,W017,3.53,1.90,27.84,62.40,0.21,IN_CONTROL,IN_CONTROL,IN_CONTROL,IN_CONTROL
"14nm",LOT_0013,W013,3.71,1.94,29.37,61.77,0.22,IN_CONTROL,IN_CONTROL,IN_CONTROL,IN_CONTROL
"14nm",LOT_0043,W019,3.65,1.80,31.00,58.57,0.22,IN_CONTROL,IN_CONTROL,IN_CONTROL,IN_CONTROL
"14nm",LOT_0039,W024,3.58,1.74,27.46,64.88,0.22,IN_CONTROL,IN_CONTROL,IN_CONTROL,IN_CONTROL
"14nm",LOT_0039,W025,3.56,1.78,26.14,56.41,0.22,IN_CONTROL,IN_CONTROL,IN_CONTROL,IN_CONTROL
"14nm",LOT_0005,W014,3.51,2.05,30.76,56.27,0.22,IN_CONTROL,IN_CONTROL,IN_CONTROL,IN_CONTROL
"14nm",LOT_0025,W013,3.61,2.08,29.62,65.01,0.22,IN_CONTROL,IN_CONTROL,IN_CONTROL,IN_CONTROL
"14nm",LOT_0004,W012,3.54,1.99,28.36,61.05,0.22,IN_CONTROL,IN_CONTROL,IN_CONTROL,IN_CONTROL
"14nm",LOT_0039,W009,3.84,1.76,26.08,62.68,0.22,WARNING,IN_CONTROL,IN_CONTROL,IN_CONTROL
"14nm",LOT_0014,W013,3.78,2.15,25.82,59.57,0.23,IN_CONTROL,WARNING,IN_CONTROL,IN_CONTROL
"14nm",LOT_0043,W001,3.79,1.96,29.88,55.43,0.23,IN_CONTROL,IN_CONTROL,IN_CONTROL,IN_CONTROL
"14nm",LOT_0043,W011,3.85,1.71,27.34,57.20,0.23,WARNING,IN_CONTROL,IN_CONTROL,IN_CONTROL
"14nm",LOT_0014,W008,3.38,2.07,26.40,61.74,0.23,WARNING,IN_CONTROL,IN_CONTROL,IN_CONTROL
"14nm",LOT_0043,W015,3.75,1.81,26.69,60.67,0.23,IN_CONTROL,IN_CONTROL,IN_CONTROL,IN_CONTROL
"14nm",LOT_0005,W024,3.41,1.83,26.27,59.58,0.23,IN_CONTROL,IN_CONTROL,IN_CONTROL,IN_CONTROL
"14nm",LOT_0025,W022,3.62,2.05,27.18,53.00,0.23,IN_CONTROL,IN_CONTROL,IN_CONTROL,WARNING
"14nm",LOT_0009,W022,3.50,1.99,30.07,61.34,0.23,IN_CONTROL,IN_CONTROL,IN_CONTROL,IN_CONTROL
"14nm",LOT_0009,W021,3.59,1.79,28.38,65.85,0.23,IN_CONTROL,IN_CONTROL,IN_CONTROL,IN_CONTROL
"14nm",LOT_0005,W006,3.51,2.10,28.82,59.63,0.24,IN_CONTROL,IN_CONTROL,IN_CONTROL,IN_CONTROL
"14nm",LOT_0004,W004,3.52,1.88,27.59,57.37,0.24,IN_CONTROL,IN_CONTROL,IN_CONTROL,IN_CONTROL
"14nm",LOT_0014,W001,3.59,2.12,26.66,58.43,0.24,IN_CONTROL,IN_CONTROL,IN_CONTROL,IN_CONTROL
"14nm",LOT_0014,W025,3.46,2.04,26.41,67.38,0.24,IN_CONTROL,IN_CONTROL,IN_CONTROL,WARNING
"14nm",LOT_0029,W016,3.55,1.92,25.12,59.39,0.24,IN_CONTROL,IN_CONTROL,IN_CONTROL,IN_CONTROL
"14nm",LOT_0021,W008,3.64,2.03,27.62,62.26,0.24,IN_CONTROL,IN_CONTROL,IN_CONTROL,IN_CONTROL
"14nm",LOT_0014,W003,3.53,1.86,26.74,65.49,0.25,IN_CONTROL,IN_CONTROL,IN_CONTROL,IN_CONTROL
"14nm",LOT_0039,W004,3.84,1.89,25.04,62.90,0.25,WARNING,IN_CONTROL,IN_CONTROL,IN_CONTROL
"14nm",LOT_0014,W010,3.59,1.94,27.61,60.66,0.25,IN_CONTROL,IN_CONTROL,IN_CONTROL,IN_CONTROL
"14nm",LOT_0039,W007,3.63,1.93,31.33,63.78,0.25,IN_CONTROL,IN_CONTROL,IN_CONTROL,IN_CONTROL
"14nm",LOT_0039,W010,3.64,1.76,29.39,62.99,0.25,IN_CONTROL,IN_CONTROL,IN_CONTROL,IN_CONTROL
"14nm",LOT_0043,W023,3.52,1.98,30.74,65.37,0.25,IN_CONTROL,IN_CONTROL,IN_CONTROL,IN_CONTROL
"14nm",LOT_0009,W018,3.58,1.84,25.36,53.63,0.25,IN_CONTROL,IN_CONTROL,IN_CONTROL,WARNING
"14nm",LOT_0025,W024,3.52,2.00,26.74,59.08,0.25,IN_CONTROL,IN_CONTROL,IN_CONTROL,IN_CONTROL
"14nm",LOT_0025,W006,3.56,1.81,31.10,54.99,0.25,IN_CONTROL,IN_CONTROL,IN_CONTROL,IN_CONTROL
"14nm",LOT_0039,W020,3.70,1.78,26.41,66.14,0.25,IN_CONTROL,IN_CONTROL,IN_CONTROL,IN_CONTROL
"14nm",LOT_0039,W006,3.68,1.81,28.90,61.26,0.25,IN_CONTROL,IN_CONTROL,IN_CONTROL,IN_CONTROL
"14nm",LOT_0013,W024,3.57,2.02,24.53,65.70,0.25,IN_CONTROL,IN_CONTROL,IN_CONTROL,IN_CONTROL
"14nm",LOT_0014,W006,3.53,2.00,29.33,56.92,0.25,IN_CONTROL,IN_CONTROL,IN_CONTROL,IN_CONTROL
"14nm",LOT_0004,W003,3.44,1.86,30.07,59.42,0.26,IN_CONTROL,IN_CONTROL,IN_CONTROL,IN_CONTROL
"14nm",LOT_0004,W011,3.47,1.94,24.96,63.73,0.26,IN_CONTROL,IN_CONTROL,IN_CONTROL,IN_CONTROL
"14nm",LOT_0029,W015,3.71,1.97,26.45,60.37,0.26,IN_CONTROL,IN_CONTROL,IN_CONTROL,IN_CONTROL
"14nm",LOT_0005,W022,3.54,1.93,26.34,58.01,0.26,IN_CONTROL,IN_CONTROL,IN_CONTROL,IN_CONTROL
"14nm",LOT_0025,W009,3.72,2.05,28.08,56.39,0.26,IN_CONTROL,IN_CONTROL,IN_CONTROL,IN_CONTROL
"14nm",LOT_0009,W001,3.45,1.97,26.45,61.14,0.26,IN_CONTROL,IN_CONTROL,IN_CONTROL,IN_CONTROL
"14nm",LOT_0025,W002,3.52,2.02,25.89,61.48,0.26,IN_CONTROL,IN_CONTROL,IN_CONTROL,IN_CONTROL
"14nm",LOT_0005,W011,3.50,1.91,28.01,59.43,0.26,IN_CONTROL,IN_CONTROL,IN_CONTROL,IN_CONTROL
"14nm",LOT_0014,W019,3.58,1.98,28.58,62.22,0.27,IN_CONTROL,IN_CONTROL,IN_CONTROL,IN_CONTROL
"14nm",LOT_0009,W003,3.70,2.00,25.90,64.09,0.27,IN_CONTROL,IN_CONTROL,IN_CONTROL,IN_CONTROL
"14nm",LOT_0029,W006,3.71,1.76,29.94,66.36,0.27,IN_CONTROL,IN_CONTROL,IN_CONTROL,IN_CONTROL
"14nm",LOT_0013,W018,3.53,1.83,29.32,58.66,0.27,IN_CONTROL,IN_CONTROL,IN_CONTROL,IN_CONTROL
"14nm",LOT_0004,W008,3.59,1.94,26.66,65.62,0.27,IN_CONTROL,IN_CONTROL,IN_CONTROL,IN_CONTROL
"14nm",LOT_0013,W009,3.57,1.90,30.19,62.60,0.27,IN_CONTROL,IN_CONTROL,IN_CONTROL,IN_CONTROL
"14nm",LOT_0013,W020,3.64,1.86,28.07,62.73,0.28,IN_CONTROL,IN_CONTROL,IN_CONTROL,IN_CONTROL
"14nm",LOT_0029,W018,3.59,1.72,26.24,59.76,0.28,IN_CONTROL,IN_CONTROL,IN_CONTROL,IN_CONTROL
"14nm",LOT_0004,W023,3.70,1.89,27.66,56.68,0.28,IN_CONTROL,IN_CONTROL,IN_CONTROL,IN_CONTROL
"14nm",LOT_0005,W015,3.49,2.15,29.84,59.62,0.28,IN_CONTROL,WARNING,IN_CONTROL,IN_CONTROL
"14nm",LOT_0013,W022,3.64,1.83,27.99,62.93,0.28,IN_CONTROL,IN_CONTROL,IN_CONTROL,IN_CONTROL
"14nm",LOT_0004,W014,3.55,2.06,31.42,59.69,0.28,IN_CONTROL,IN_CONTROL,IN_CONTROL,IN_CONTROL
"14nm",LOT_0043,W024,3.76,1.93,27.48,64.45,0.28,IN_CONTROL,IN_CONTROL,IN_CONTROL,IN_CONTROL
"14nm",LOT_0043,W025,3.84,1.73,29.58,63.65,0.28,WARNING,IN_CONTROL,IN_CONTROL,IN_CONTROL
"14nm",LOT_0043,W004,3.62,1.79,28.66,55.58,0.28,IN_CONTROL,IN_CONTROL,IN_CONTROL,IN_CONTROL
"14nm",LOT_0004,W016,3.69,1.92,27.93,58.71,0.28,IN_CONTROL,IN_CONTROL,IN_CONTROL,IN_CONTROL
"14nm",LOT_0029,W012,3.54,2.01,27.14,64.28,0.28,IN_CONTROL,IN_CONTROL,IN_CONTROL,IN_CONTROL
"14nm",LOT_0021,W005,3.60,2.08,28.45,54.84,0.28,IN_CONTROL,IN_CONTROL,IN_CONTROL,IN_CONTROL
"14nm",LOT_0005,W016,3.49,2.09,28.22,63.16,0.28,IN_CONTROL,IN_CONTROL,IN_CONTROL,IN_CONTROL
"14nm",LOT_0025,W008,3.55,1.82,28.69,58.06,0.29,IN_CONTROL,IN_CONTROL,IN_CONTROL,IN_CONTROL
"14nm",LOT_0013,W017,3.52,1.91,31.76,61.56,0.29,IN_CONTROL,IN_CONTROL,IN_CONTROL,IN_CONTROL
"14nm",LOT_0043,W012,3.73,1.84,27.46,58.05,0.29,IN_CONTROL,IN_CONTROL,IN_CONTROL,IN_CONTROL
"14nm",LOT_0039,W005,3.60,1.70,26.63,60.89,0.29,IN_CONTROL,IN_CONTROL,IN_CONTROL,IN_CONTROL
"14nm",LOT_0025,W025,3.57,1.89,28.54,60.82,0.29,IN_CONTROL,IN_CONTROL,IN_CONTROL,IN_CONTROL
"14nm",LOT_0021,W016,3.36,1.88,27.14,56.66,0.29,WARNING,IN_CONTROL,IN_CONTROL,IN_CONTROL
"14nm",LOT_0004,W015,3.54,1.91,32.21,56.66,0.29,IN_CONTROL,IN_CONTROL,WARNING,IN_CONTROL
"14nm",LOT_0013,W011,3.62,1.83,28.46,56.60,0.29,IN_CONTROL,IN_CONTROL,IN_CONTROL,IN_CONTROL
"14nm",LOT_0013,W007,3.55,1.91,26.83,55.10,0.30,IN_CONTROL,IN_CONTROL,IN_CONTROL,IN_CONTROL
"14nm",LOT_0004,W025,3.52,1.74,28.83,64.48,0.30,IN_CONTROL,IN_CONTROL,IN_CONTROL,IN_CONTROL
"14nm",LOT_0009,W013,3.51,1.81,28.98,59.97,0.30,IN_CONTROL,IN_CONTROL,IN_CONTROL,IN_CONTROL
"14nm",LOT_0029,W023,3.66,1.86,27.12,60.30,0.30,IN_CONTROL,IN_CONTROL,IN_CONTROL,IN_CONTROL
"14nm",LOT_0009,W006,3.60,1.85,28.56,63.05,0.30,IN_CONTROL,IN_CONTROL,IN_CONTROL,IN_CONTROL
"14nm",LOT_0039,W013,3.68,1.96,28.74,61.66,0.30,IN_CONTROL,IN_CONTROL,IN_CONTROL,IN_CONTROL
"14nm",LOT_0039,W022,3.76,1.94,25.69,58.95,0.30,IN_CONTROL,IN_CONTROL,IN_CONTROL,IN_CONTROL
"14nm",LOT_0004,W013,3.67,1.97,27.13,62.25,0.30,IN_CONTROL,IN_CONTROL,IN_CONTROL,IN_CONTROL
"14nm",LOT_0021,W001,3.57,1.85,30.11,63.07,0.31,IN_CONTROL,IN_CONTROL,IN_CONTROL,IN_CONTROL
"14nm",LOT_0043,W009,3.75,1.76,26.87,56.01,0.31,IN_CONTROL,IN_CONTROL,IN_CONTROL,IN_CONTROL
"14nm",LOT_0043,W013,3.72,1.80,24.76,61.03,0.31,IN_CONTROL,IN_CONTROL,IN_CONTROL,IN_CONTROL
"14nm",LOT_0025,W019,3.68,1.87,29.32,57.93,0.31,IN_CONTROL,IN_CONTROL,IN_CONTROL,IN_CONTROL
"14nm",LOT_0025,W021,3.68,1.94,29.52,62.50,0.31,IN_CONTROL,IN_CONTROL,IN_CONTROL,IN_CONTROL
"14nm",LOT_0014,W016,3.63,2.05,26.90,59.05,0.31,IN_CONTROL,IN_CONTROL,IN_CONTROL,IN_CONTROL
"14nm",LOT_0029,W005,3.66,1.98,28.20,60.43,0.31,IN_CONTROL,IN_CONTROL,IN_CONTROL,IN_CONTROL
"14nm",LOT_0021,W018,3.57,1.83,32.00,56.84,0.31,IN_CONTROL,IN_CONTROL,IN_CONTROL,IN_CONTROL
"14nm",LOT_0025,W014,3.71,1.90,26.30,61.50,0.31,IN_CONTROL,IN_CONTROL,IN_CONTROL,IN_CONTROL
"14nm",LOT_0014,W024,3.60,2.03,27.13,61.33,0.32,IN_CONTROL,IN_CONTROL,IN_CONTROL,IN_CONTROL
"14nm",LOT_0014,W022,3.70,2.06,27.09,62.67,0.32,IN_CONTROL,IN_CONTROL,IN_CONTROL,IN_CONTROL
"14nm",LOT_0009,W010,3.49,1.91,26.82,64.25,0.32,IN_CONTROL,IN_CONTROL,IN_CONTROL,IN_CONTROL
"14nm",LOT_0021,W019,3.48,2.06,30.06,63.87,0.32,IN_CONTROL,IN_CONTROL,IN_CONTROL,IN_CONTROL
"14nm",LOT_0029,W001,3.60,2.06,28.68,58.92,0.32,IN_CONTROL,IN_CONTROL,IN_CONTROL,IN_CONTROL
"14nm",LOT_0005,W002,3.55,2.01,27.62,58.35,0.32,IN_CONTROL,IN_CONTROL,IN_CONTROL,IN_CONTROL
"14nm",LOT_0014,W015,3.57,1.87,27.45,61.45,0.32,IN_CONTROL,IN_CONTROL,IN_CONTROL,IN_CONTROL
"14nm",LOT_0005,W020,3.57,2.13,28.75,62.43,0.32,IN_CONTROL,IN_CONTROL,IN_CONTROL,IN_CONTROL
"14nm",LOT_0013,W005,3.60,1.84,26.86,57.61,0.32,IN_CONTROL,IN_CONTROL,IN_CONTROL,IN_CONTROL
"14nm",LOT_0005,W019,3.59,2.04,27.23,62.09,0.33,IN_CONTROL,IN_CONTROL,IN_CONTROL,IN_CONTROL
"14nm",LOT_0009,W017,3.55,1.98,30.85,59.72,0.33,IN_CONTROL,IN_CONTROL,IN_CONTROL,IN_CONTROL
"14nm",LOT_0009,W014,3.50,2.05,27.39,62.20,0.33,IN_CONTROL,IN_CONTROL,IN_CONTROL,IN_CONTROL
"14nm",LOT_0005,W010,3.39,1.93,28.79,64.24,0.33,IN_CONTROL,IN_CONTROL,IN_CONTROL,IN_CONTROL
"14nm",LOT_0039,W021,3.61,1.78,26.11,60.25,0.33,IN_CONTROL,IN_CONTROL,IN_CONTROL,IN_CONTROL
"14nm",LOT_0039,W014,3.76,1.80,27.95,57.90,0.33,IN_CONTROL,IN_CONTROL,IN_CONTROL,IN_CONTROL
"14nm",LOT_0004,W019,3.56,2.04,33.36,58.54,0.33,IN_CONTROL,IN_CONTROL,WARNING,IN_CONTROL
"14nm",LOT_0021,W023,3.55,2.15,28.78,60.41,0.33,IN_CONTROL,WARNING,IN_CONTROL,IN_CONTROL
"14nm",LOT_0029,W020,3.46,1.93,26.85,59.55,0.34,IN_CONTROL,IN_CONTROL,IN_CONTROL,IN_CONTROL
"14nm",LOT_0009,W015,3.55,1.93,29.12,65.57,0.34,IN_CONTROL,IN_CONTROL,IN_CONTROL,IN_CONTROL
"14nm",LOT_0043,W018,3.80,1.73,27.91,55.43,0.34,WARNING,IN_CONTROL,IN_CONTROL,IN_CONTROL
"14nm",LOT_0009,W002,3.57,2.01,29.18,59.75,0.34,IN_CONTROL,IN_CONTROL,IN_CONTROL,IN_CONTROL
"14nm",LOT_0005,W021,3.44,1.94,26.90,60.48,0.34,IN_CONTROL,IN_CONTROL,IN_CONTROL,IN_CONTROL
"14nm",LOT_0025,W023,3.61,1.80,33.89,60.75,0.34,IN_CONTROL,IN_CONTROL,WARNING,IN_CONTROL
"14nm",LOT_0013,W014,3.49,2.00,24.12,62.67,0.34,IN_CONTROL,IN_CONTROL,IN_CONTROL,IN_CONTROL
"14nm",LOT_0004,W010,3.44,2.04,27.41,60.51,0.34,IN_CONTROL,IN_CONTROL,IN_CONTROL,IN_CONTROL
"14nm",LOT_0009,W005,3.47,1.69,25.19,57.05,0.34,IN_CONTROL,IN_CONTROL,IN_CONTROL,IN_CONTROL
"14nm",LOT_0021,W006,3.51,1.94,23.04,53.87,0.34,IN_CONTROL,IN_CONTROL,WARNING,WARNING
"14nm",LOT_0013,W002,3.41,1.83,28.51,57.31,0.34,IN_CONTROL,IN_CONTROL,IN_CONTROL,IN_CONTROL
"14nm",LOT_0039,W011,3.63,1.83,28.55,62.88,0.35,IN_CONTROL,IN_CONTROL,IN_CONTROL,IN_CONTROL
"14nm",LOT_0009,W024,3.43,2.05,29.53,61.53,0.35,IN_CONTROL,IN_CONTROL,IN_CONTROL,IN_CONTROL
"14nm",LOT_0025,W012,3.63,1.92,30.77,63.49,0.35,IN_CONTROL,IN_CONTROL,IN_CONTROL,IN_CONTROL
"14nm",LOT_0004,W017,3.40,1.96,28.21,53.51,0.35,IN_CONTROL,IN_CONTROL,IN_CONTROL,WARNING
"14nm",LOT_0025,W007,3.64,1.99,28.62,60.40,0.35,IN_CONTROL,IN_CONTROL,IN_CONTROL,IN_CONTROL
"14nm",LOT_0009,W008,3.56,2.04,26.17,58.27,0.35,IN_CONTROL,IN_CONTROL,IN_CONTROL,IN_CONTROL
"14nm",LOT_0021,W024,3.61,1.76,27.46,63.70,0.35,IN_CONTROL,IN_CONTROL,IN_CONTROL,IN_CONTROL
"14nm",LOT_0014,W002,3.57,1.92,28.66,61.09,0.35,IN_CONTROL,IN_CONTROL,IN_CONTROL,IN_CONTROL
"14nm",LOT_0025,W011,3.63,1.87,29.68,59.70,0.35,IN_CONTROL,IN_CONTROL,IN_CONTROL,IN_CONTROL
"14nm",LOT_0025,W018,3.65,1.79,30.20,56.68,0.35,IN_CONTROL,IN_CONTROL,IN_CONTROL,IN_CONTROL
"14nm",LOT_0004,W007,3.44,1.97,30.32,57.69,0.35,IN_CONTROL,IN_CONTROL,IN_CONTROL,IN_CONTROL
"14nm",LOT_0043,W014,3.76,1.57,30.03,60.80,0.36,IN_CONTROL,WARNING,IN_CONTROL,IN_CONTROL
"14nm",LOT_0009,W016,3.63,1.90,27.83,64.53,0.36,IN_CONTROL,IN_CONTROL,IN_CONTROL,IN_CONTROL
"14nm",LOT_0029,W019,3.56,1.94,27.41,62.70,0.36,IN_CONTROL,IN_CONTROL,IN_CONTROL,IN_CONTROL
"14nm",LOT_0029,W004,3.55,1.94,29.49,60.21,0.36,IN_CONTROL,IN_CONTROL,IN_CONTROL,IN_CONTROL
"14nm",LOT_0009,W007,3.58,1.80,33.63,59.69,0.36,IN_CONTROL,IN_CONTROL,WARNING,IN_CONTROL
"14nm",LOT_0021,W013,3.54,1.88,25.38,60.82,0.36,IN_CONTROL,IN_CONTROL,IN_CONTROL,IN_CONTROL
"14nm",LOT_0025,W003,3.58,1.91,26.05,62.30,0.36,IN_CONTROL,IN_CONTROL,IN_CONTROL,IN_CONTROL
"14nm",LOT_0039,W001,3.92,1.72,24.28,57.88,0.36,OOC,IN_CONTROL,IN_CONTROL,IN_CONTROL
"14nm",LOT_0014,W004,3.66,1.93,25.99,56.45,0.36,IN_CONTROL,IN_CONTROL,IN_CONTROL,IN_CONTROL
"14nm",LOT_0025,W015,3.54,2.04,31.12,62.37,0.36,IN_CONTROL,IN_CONTROL,IN_CONTROL,IN_CONTROL
"14nm",LOT_0009,W020,3.41,1.97,24.56,57.25,0.37,IN_CONTROL,IN_CONTROL,IN_CONTROL,IN_CONTROL
"14nm",LOT_0029,W014,3.77,1.85,26.07,59.36,0.37,IN_CONTROL,IN_CONTROL,IN_CONTROL,IN_CONTROL
"14nm",LOT_0025,W016,3.60,1.98,25.52,58.83,0.37,IN_CONTROL,IN_CONTROL,IN_CONTROL,IN_CONTROL
"14nm",LOT_0043,W016,3.75,1.78,30.27,57.52,0.37,IN_CONTROL,IN_CONTROL,IN_CONTROL,IN_CONTROL
"14nm",LOT_0039,W016,3.74,1.75,26.36,63.28,0.37,IN_CONTROL,IN_CONTROL,IN_CONTROL,IN_CONTROL
"14nm",LOT_0029,W024,3.60,1.77,30.69,61.89,0.37,IN_CONTROL,IN_CONTROL,IN_CONTROL,IN_CONTROL
"14nm",LOT_0039,W002,3.64,1.72,26.48,60.03,0.37,IN_CONTROL,IN_CONTROL,IN_CONTROL,IN_CONTROL
"14nm",LOT_0021,W011,3.65,1.92,27.57,59.22,0.37,IN_CONTROL,IN_CONTROL,IN_CONTROL,IN_CONTROL
"14nm",LOT_0004,W024,3.48,2.09,27.31,61.86,0.37,IN_CONTROL,IN_CONTROL,IN_CONTROL,IN_CONTROL
"14nm",LOT_0021,W004,3.49,1.87,27.91,63.42,0.37,IN_CONTROL,IN_CONTROL,IN_CONTROL,IN_CONTROL
"14nm",LOT_0021,W017,3.60,1.95,30.11,56.71,0.37,IN_CONTROL,IN_CONTROL,IN_CONTROL,IN_CONTROL
"14nm",LOT_0004,W018,3.54,2.14,26.56,59.37,0.37,IN_CONTROL,IN_CONTROL,IN_CONTROL,IN_CONTROL
"14nm",LOT_0029,W021,3.68,1.95,26.83,63.17,0.37,IN_CONTROL,IN_CONTROL,IN_CONTROL,IN_CONTROL
"14nm",LOT_0005,W009,3.56,2.00,28.10,60.52,0.37,IN_CONTROL,IN_CONTROL,IN_CONTROL,IN_CONTROL
"14nm",LOT_0043,W010,3.68,1.92,32.51,60.64,0.37,IN_CONTROL,IN_CONTROL,WARNING,IN_CONTROL
"14nm",LOT_0009,W011,3.50,1.99,31.31,59.27,0.37,IN_CONTROL,IN_CONTROL,IN_CONTROL,IN_CONTROL
"14nm",LOT_0013,W025,3.54,2.05,28.13,62.72,0.38,IN_CONTROL,IN_CONTROL,IN_CONTROL,IN_CONTROL
"14nm",LOT_0025,W005,3.75,1.89,27.33,59.01,0.38,IN_CONTROL,IN_CONTROL,IN_CONTROL,IN_CONTROL
"14nm",LOT_0025,W017,3.58,1.83,27.39,62.70,0.38,IN_CONTROL,IN_CONTROL,IN_CONTROL,IN_CONTROL
"14nm",LOT_0013,W021,3.68,1.82,26.83,59.34,0.38,IN_CONTROL,IN_CONTROL,IN_CONTROL,IN_CONTROL
"14nm",LOT_0004,W009,3.45,1.93,26.53,60.61,0.38,IN_CONTROL,IN_CONTROL,IN_CONTROL,IN_CONTROL
"14nm",LOT_0043,W005,3.76,1.56,29.28,52.35,0.38,IN_CONTROL,WARNING,IN_CONTROL,WARNING
"14nm",LOT_0021,W007,3.51,2.02,27.53,64.77,0.39,IN_CONTROL,IN_CONTROL,IN_CONTROL,IN_CONTROL
"14nm",LOT_0004,W006,3.39,1.88,27.27,57.52,0.39,IN_CONTROL,IN_CONTROL,IN_CONTROL,IN_CONTROL
"14nm",LOT_0013,W004,3.62,1.88,29.21,62.39,0.39,IN_CONTROL,IN_CONTROL,IN_CONTROL,IN_CONTROL
"14nm",LOT_0029,W022,3.66,1.74,24.50,65.41,0.39,IN_CONTROL,IN_CONTROL,IN_CONTROL,IN_CONTROL
"14nm",LOT_0029,W010,3.48,1.94,28.88,59.86,0.39,IN_CONTROL,IN_CONTROL,IN_CONTROL,IN_CONTROL
"14nm",LOT_0013,W015,3.53,2.10,31.91,59.82,0.39,IN_CONTROL,IN_CONTROL,IN_CONTROL,IN_CONTROL
"14nm",LOT_0009,W004,3.50,1.79,30.37,57.42,0.39,IN_CONTROL,IN_CONTROL,IN_CONTROL,IN_CONTROL
"14nm",LOT_0014,W014,3.57,1.92,26.66,57.07,0.39,IN_CONTROL,IN_CONTROL,IN_CONTROL,IN_CONTROL
"14nm",LOT_0029,W025,3.59,1.95,28.13,58.61,0.39,IN_CONTROL,IN_CONTROL,IN_CONTROL,IN_CONTROL
"14nm",LOT_0029,W007,3.55,1.66,26.24,62.29,0.39,IN_CONTROL,WARNING,IN_CONTROL,IN_CONTROL
"14nm",LOT_0013,W006,3.60,2.05,24.18,58.35,0.39,IN_CONTROL,IN_CONTROL,IN_CONTROL,IN_CONTROL
"14nm",LOT_0043,W022,3.84,1.57,28.71,57.48,0.40,WARNING,WARNING,IN_CONTROL,IN_CONTROL
"14nm",LOT_0009,W023,3.40,1.72,28.35,58.00,0.40,IN_CONTROL,IN_CONTROL,IN_CONTROL,IN_CONTROL
"14nm",LOT_0021,W014,3.70,1.96,27.94,61.00,0.40,IN_CONTROL,IN_CONTROL,IN_CONTROL,IN_CONTROL
"14nm",LOT_0025,W004,3.60,1.90,25.82,60.76,0.40,IN_CONTROL,IN_CONTROL,IN_CONTROL,IN_CONTROL
"14nm",LOT_0013,W003,3.69,1.81,29.67,58.20,0.40,IN_CONTROL,IN_CONTROL,IN_CONTROL,IN_CONTROL
"14nm",LOT_0043,W017,3.73,1.84,28.62,64.08,0.40,IN_CONTROL,IN_CONTROL,IN_CONTROL,IN_CONTROL
"14nm",LOT_0021,W020,3.68,1.81,32.55,61.01,0.40,IN_CONTROL,IN_CONTROL,WARNING,IN_CONTROL
"14nm",LOT_0043,W020,3.80,1.84,29.48,58.44,0.40,IN_CONTROL,IN_CONTROL,IN_CONTROL,IN_CONTROL
"14nm",LOT_0029,W011,3.57,1.75,28.72,61.25,0.40,IN_CONTROL,IN_CONTROL,IN_CONTROL,IN_CONTROL
"14nm",LOT_0014,W007,3.50,2.02,30.61,55.26,0.40,IN_CONTROL,IN_CONTROL,IN_CONTROL,IN_CONTROL
"14nm",LOT_0021,W021,3.53,1.86,27.63,55.48,0.40,IN_CONTROL,IN_CONTROL,IN_CONTROL,IN_CONTROL
"14nm",LOT_0025,W020,3.65,1.71,25.48,60.55,0.40,IN_CONTROL,IN_CONTROL,IN_CONTROL,IN_CONTROL
"14nm",LOT_0005,W001,3.57,1.91,29.72,62.86,0.40,IN_CONTROL,IN_CONTROL,IN_CONTROL,IN_CONTROL
"14nm",LOT_0005,W004,3.62,2.13,24.33,59.92,0.41,IN_CONTROL,IN_CONTROL,IN_CONTROL,IN_CONTROL
"14nm",LOT_0005,W012,3.50,1.83,29.10,58.26,0.41,IN_CONTROL,IN_CONTROL,IN_CONTROL,IN_CONTROL
"14nm",LOT_0009,W009,3.51,2.09,27.23,56.70,0.41,IN_CONTROL,IN_CONTROL,IN_CONTROL,IN_CONTROL
"14nm",LOT_0043,W006,3.69,1.99,26.95,58.96,0.41,IN_CONTROL,IN_CONTROL,IN_CONTROL,IN_CONTROL
"14nm",LOT_0005,W005,3.49,1.86,28.39,62.55,0.41,IN_CONTROL,IN_CONTROL,IN_CONTROL,IN_CONTROL
"14nm",LOT_0014,W020,3.47,1.91,28.73,54.18,0.41,IN_CONTROL,IN_CONTROL,IN_CONTROL,WARNING
"14nm",LOT_0013,W023,3.67,1.93,27.91,57.22,0.41,IN_CONTROL,IN_CONTROL,IN_CONTROL,IN_CONTROL
"14nm",LOT_0043,W007,3.60,1.68,24.70,57.92,0.41,IN_CONTROL,IN_CONTROL,IN_CONTROL,IN_CONTROL
"14nm",LOT_0014,W011,3.69,1.92,27.38,64.64,0.42,IN_CONTROL,IN_CONTROL,IN_CONTROL,IN_CONTROL
"14nm",LOT_0014,W005,3.65,1.93,25.73,56.90,0.42,IN_CONTROL,IN_CONTROL,IN_CONTROL,IN_CONTROL
"14nm",LOT_0013,W012,3.50,1.89,27.59,57.68,0.42,IN_CONTROL,IN_CONTROL,IN_CONTROL,IN_CONTROL
"14nm",LOT_0021,W009,3.69,1.75,27.39,58.21,0.42,IN_CONTROL,IN_CONTROL,IN_CONTROL,IN_CONTROL
"14nm",LOT_0039,W015,3.55,1.76,29.68,63.86,0.42,IN_CONTROL,IN_CONTROL,IN_CONTROL,IN_CONTROL
"14nm",LOT_0013,W019,3.51,2.08,29.55,59.53,0.42,IN_CONTROL,IN_CONTROL,IN_CONTROL,IN_CONTROL
"14nm",LOT_0021,W003,3.58,2.14,27.51,56.40,0.42,IN_CONTROL,IN_CONTROL,IN_CONTROL,IN_CONTROL
"14nm",LOT_0004,W022,3.49,2.04,28.74,59.68,0.42,IN_CONTROL,IN_CONTROL,IN_CONTROL,IN_CONTROL
"14nm",LOT_0005,W017,3.43,1.82,28.92,62.35,0.43,IN_CONTROL,IN_CONTROL,IN_CONTROL,IN_CONTROL
"14nm",LOT_0014,W023,3.70,1.91,24.36,63.56,0.43,IN_CONTROL,IN_CONTROL,IN_CONTROL,IN_CONTROL
"14nm",LOT_0005,W008,3.57,1.88,27.85,60.05,0.43,IN_CONTROL,IN_CONTROL,IN_CONTROL,IN_CONTROL
"14nm",LOT_0021,W025,3.58,1.89,24.66,63.40,0.43,IN_CONTROL,IN_CONTROL,IN_CONTROL,IN_CONTROL
"14nm",LOT_0039,W017,3.74,1.84,30.70,57.49,0.43,IN_CONTROL,IN_CONTROL,IN_CONTROL,IN_CONTROL
"14nm",LOT_0014,W018,3.72,1.76,29.72,61.70,0.43,IN_CONTROL,IN_CONTROL,IN_CONTROL,IN_CONTROL
"14nm",LOT_0014,W012,3.45,1.83,24.60,57.57,0.43,IN_CONTROL,IN_CONTROL,IN_CONTROL,IN_CONTROL
"14nm",LOT_0014,W021,3.58,2.14,31.36,57.53,0.44,IN_CONTROL,IN_CONTROL,IN_CONTROL,IN_CONTROL
"14nm",LOT_0039,W012,3.63,1.95,27.71,62.48,0.44,IN_CONTROL,IN_CONTROL,IN_CONTROL,IN_CONTROL
"14nm",LOT_0005,W023,3.48,2.07,26.17,63.05,0.44,IN_CONTROL,IN_CONTROL,IN_CONTROL,IN_CONTROL
"14nm",LOT_0013,W001,3.56,1.85,26.20,61.52,0.44,IN_CONTROL,IN_CONTROL,IN_CONTROL,IN_CONTROL
"14nm",LOT_0004,W002,3.51,1.87,27.76,64.54,0.44,IN_CONTROL,IN_CONTROL,IN_CONTROL,IN_CONTROL
"14nm",LOT_0021,W002,3.48,1.82,31.11,60.74,0.44,IN_CONTROL,IN_CONTROL,IN_CONTROL,IN_CONTROL
"14nm",LOT_0005,W007,3.48,2.09,29.64,61.13,0.45,IN_CONTROL,IN_CONTROL,IN_CONTROL,IN_CONTROL
"14nm",LOT_0021,W012,3.61,1.88,29.60,63.58,0.45,IN_CONTROL,IN_CONTROL,IN_CONTROL,IN_CONTROL
"14nm",LOT_0013,W010,3.60,1.93,25.41,58.03,0.45,IN_CONTROL,IN_CONTROL,IN_CONTROL,IN_CONTROL
"14nm",LOT_0005,W013,3.44,1.86,28.53,58.69,0.46,IN_CONTROL,IN_CONTROL,IN_CONTROL,IN_CONTROL
"14nm",LOT_0039,W019,3.56,1.86,28.34,59.43,0.46,IN_CONTROL,IN_CONTROL,IN_CONTROL,IN_CONTROL
"14nm",LOT_0004,W005,3.50,1.88,27.78,58.19,0.46,IN_CONTROL,IN_CONTROL,IN_CONTROL,IN_CONTROL
"14nm",LOT_0021,W022,3.54,2.01,27.97,59.41,0.46,IN_CONTROL,IN_CONTROL,IN_CONTROL,IN_CONTROL
"14nm",LOT_0025,W010,3.40,1.83,22.66,62.65,0.46,IN_CONTROL,IN_CONTROL,WARNING,IN_CONTROL
"14nm",LOT_0009,W019,3.50,1.81,28.25,57.05,0.47,IN_CONTROL,IN_CONTROL,IN_CONTROL,IN_CONTROL
"14nm",LOT_0005,W025,3.66,2.02,26.34,59.80,0.47,IN_CONTROL,IN_CONTROL,IN_CONTROL,IN_CONTROL
"14nm",LOT_0004,W021,3.50,2.10,24.74,63.82,0.47,IN_CONTROL,IN_CONTROL,IN_CONTROL,IN_CONTROL
"14nm",LOT_0009,W025,3.58,1.98,23.56,64.11,0.47,IN_CONTROL,IN_CONTROL,WARNING,IN_CONTROL
"14nm",LOT_0025,W001,3.50,1.72,28.07,58.46,0.47,IN_CONTROL,IN_CONTROL,IN_CONTROL,IN_CONTROL
"14nm",LOT_0043,W008,3.75,1.72,23.96,63.56,0.47,IN_CONTROL,IN_CONTROL,IN_CONTROL,IN_CONTROL
"14nm",LOT_0014,W009,3.66,2.08,29.23,61.28,0.48,IN_CONTROL,IN_CONTROL,IN_CONTROL,IN_CONTROL
"14nm",LOT_0013,W016,3.47,1.90,28.18,62.92,0.48,IN_CONTROL,IN_CONTROL,IN_CONTROL,IN_CONTROL
"14nm",LOT_0029,W008,3.58,1.93,22.88,57.56,0.51,IN_CONTROL,IN_CONTROL,WARNING,IN_CONTROL
"14nm",LOT_0039,W023,3.57,1.97,27.53,61.42,0.54,IN_CONTROL,IN_CONTROL,IN_CONTROL,IN_CONTROL
"14nm",LOT_0039,W018,3.57,1.86,26.89,61.00,0.54,IN_CONTROL,IN_CONTROL,IN_CONTROL,IN_CONTROL
"14nm",LOT_0004,W020,3.42,2.01,24.50,63.91,0.55,IN_CONTROL,IN_CONTROL,IN_CONTROL,IN_CONTROL
"14nm",LOT_0005,W003,3.52,1.91,23.99,61.91,0.55,IN_CONTROL,IN_CONTROL,IN_CONTROL,IN_CONTROL
"14nm",LOT_0009,W012,3.57,2.07,23.60,63.96,0.67,IN_CONTROL,IN_CONTROL,IN_CONTROL,IN_CONTROL
"14nm",LOT_0029,W003,3.69,1.81,22.79,60.33,0.69,IN_CONTROL,IN_CONTROL,WARNING,IN_CONTROL
"14nm",LOT_0005,W018,3.46,2.07,23.38,60.47,0.69,IN_CONTROL,IN_CONTROL,WARNING,IN_CONTROL
"14nm",LOT_0013,W008,3.42,2.15,23.52,60.02,0.76,IN_CONTROL,IN_CONTROL,WARNING,IN_CONTROL
"22nm",LOT_0028,W022,3.56,1.99,26.62,65.40,0.18,IN_CONTROL,IN_CONTROL,IN_CONTROL,IN_CONTROL
"22nm",LOT_0041,W025,3.72,1.73,30.83,70.81,0.18,IN_CONTROL,IN_CONTROL,IN_CONTROL,OOC
"22nm",LOT_0028,W024,3.78,1.85,28.78,60.85,0.20,IN_CONTROL,IN_CONTROL,IN_CONTROL,IN_CONTROL
"22nm",LOT_0041,W024,3.85,1.94,24.52,64.26,0.20,IN_CONTROL,IN_CONTROL,IN_CONTROL,IN_CONTROL
"22nm",LOT_0028,W018,3.85,1.85,26.56,67.46,0.21,IN_CONTROL,IN_CONTROL,IN_CONTROL,WARNING
"22nm",LOT_0036,W025,3.75,1.92,29.65,65.89,0.21,IN_CONTROL,IN_CONTROL,IN_CONTROL,IN_CONTROL
"22nm",LOT_0041,W014,3.72,1.79,27.14,66.43,0.21,IN_CONTROL,IN_CONTROL,IN_CONTROL,IN_CONTROL
"22nm",LOT_0041,W003,3.58,1.86,28.01,57.86,0.21,IN_CONTROL,IN_CONTROL,IN_CONTROL,IN_CONTROL
"22nm",LOT_0002,W025,3.49,1.93,27.95,58.29,0.22,IN_CONTROL,IN_CONTROL,IN_CONTROL,IN_CONTROL
"22nm",LOT_0036,W003,3.73,2.00,31.32,58.69,0.22,IN_CONTROL,IN_CONTROL,IN_CONTROL,IN_CONTROL
"22nm",LOT_0028,W007,3.72,1.97,27.08,62.36,0.22,IN_CONTROL,IN_CONTROL,IN_CONTROL,IN_CONTROL
"22nm",LOT_0002,W007,3.54,2.04,25.32,65.66,0.23,IN_CONTROL,IN_CONTROL,IN_CONTROL,IN_CONTROL
"22nm",LOT_0036,W018,3.56,1.88,30.91,59.86,0.23,IN_CONTROL,IN_CONTROL,IN_CONTROL,IN_CONTROL
"22nm",LOT_0028,W005,3.65,2.06,26.20,58.51,0.23,IN_CONTROL,IN_CONTROL,IN_CONTROL,IN_CONTROL
"22nm",LOT_0041,W005,3.77,1.80,29.75,54.67,0.23,IN_CONTROL,IN_CONTROL,IN_CONTROL,IN_CONTROL
"22nm",LOT_0036,W001,3.66,2.11,27.84,56.95,0.23,IN_CONTROL,IN_CONTROL,IN_CONTROL,IN_CONTROL
"22nm",LOT_0019,W005,3.52,1.76,27.75,56.64,0.23,IN_CONTROL,IN_CONTROL,IN_CONTROL,IN_CONTROL
"22nm",LOT_0028,W017,3.74,1.87,29.61,60.21,0.23,IN_CONTROL,IN_CONTROL,IN_CONTROL,IN_CONTROL
"22nm",LOT_0036,W013,3.51,2.14,25.14,60.32,0.24,IN_CONTROL,WARNING,IN_CONTROL,IN_CONTROL
"22nm",LOT_0036,W024,3.48,1.77,28.62,61.63,0.24,IN_CONTROL,IN_CONTROL,IN_CONTROL,IN_CONTROL
"22nm",LOT_0019,W021,3.63,2.01,26.47,61.15,0.24,IN_CONTROL,IN_CONTROL,IN_CONTROL,IN_CONTROL
"22nm",LOT_0002,W021,3.63,2.03,29.64,55.53,0.25,IN_CONTROL,IN_CONTROL,IN_CONTROL,IN_CONTROL
"22nm",LOT_0036,W014,3.69,1.87,29.80,55.74,0.25,IN_CONTROL,IN_CONTROL,IN_CONTROL,IN_CONTROL
"22nm",LOT_0002,W002,3.52,1.99,29.14,57.71,0.25,IN_CONTROL,IN_CONTROL,IN_CONTROL,IN_CONTROL
"22nm",LOT_0002,W008,3.53,1.85,24.99,59.26,0.25,IN_CONTROL,IN_CONTROL,IN_CONTROL,IN_CONTROL
"22nm",LOT_0028,W021,3.72,1.74,27.98,65.36,0.26,IN_CONTROL,IN_CONTROL,IN_CONTROL,IN_CONTROL
"22nm",LOT_0036,W008,3.75,1.88,28.16,63.97,0.26,IN_CONTROL,IN_CONTROL,IN_CONTROL,IN_CONTROL
"22nm",LOT_0041,W010,3.74,1.86,32.02,60.90,0.27,IN_CONTROL,IN_CONTROL,IN_CONTROL,IN_CONTROL
"22nm",LOT_0041,W011,3.70,1.67,27.38,63.35,0.27,IN_CONTROL,IN_CONTROL,IN_CONTROL,IN_CONTROL
"22nm",LOT_0028,W023,3.73,2.10,26.71,58.15,0.27,IN_CONTROL,IN_CONTROL,IN_CONTROL,IN_CONTROL
"22nm",LOT_0019,W004,3.52,1.88,28.26,57.44,0.27,IN_CONTROL,IN_CONTROL,IN_CONTROL,IN_CONTROL
"22nm",LOT_0041,W021,3.77,1.54,26.36,62.45,0.28,IN_CONTROL,WARNING,IN_CONTROL,IN_CONTROL
"22nm",LOT_0019,W015,3.54,1.71,28.13,61.71,0.28,IN_CONTROL,IN_CONTROL,IN_CONTROL,IN_CONTROL
"22nm",LOT_0002,W024,3.53,2.04,30.88,57.97,0.28,IN_CONTROL,IN_CONTROL,IN_CONTROL,IN_CONTROL
"22nm",LOT_0002,W004,3.57,2.01,27.18,53.89,0.28,IN_CONTROL,IN_CONTROL,IN_CONTROL,IN_CONTROL
"22nm",LOT_0041,W007,3.76,1.67,28.68,58.79,0.28,IN_CONTROL,IN_CONTROL,IN_CONTROL,IN_CONTROL
"22nm",LOT_0019,W020,3.47,2.02,29.33,66.85,0.28,IN_CONTROL,IN_CONTROL,IN_CONTROL,WARNING
"22nm",LOT_0002,W006,3.62,2.06,31.75,57.68,0.28,IN_CONTROL,IN_CONTROL,IN_CONTROL,IN_CONTROL
"22nm",LOT_0028,W013,3.81,1.72,27.85,64.27,0.29,IN_CONTROL,IN_CONTROL,IN_CONTROL,IN_CONTROL
"22nm",LOT_0028,W011,3.81,1.72,27.83,62.52,0.29,IN_CONTROL,IN_CONTROL,IN_CONTROL,IN_CONTROL
"22nm",LOT_0019,W008,3.47,1.90,29.17,64.27,0.29,IN_CONTROL,IN_CONTROL,IN_CONTROL,IN_CONTROL
"22nm",LOT_0002,W022,3.56,1.94,26.60,63.59,0.29,IN_CONTROL,IN_CONTROL,IN_CONTROL,IN_CONTROL
"22nm",LOT_0036,W022,3.73,1.81,27.57,56.23,0.29,IN_CONTROL,IN_CONTROL,IN_CONTROL,IN_CONTROL
"22nm",LOT_0036,W020,3.60,1.92,32.85,58.80,0.29,IN_CONTROL,IN_CONTROL,WARNING,IN_CONTROL
"22nm",LOT_0041,W001,3.83,1.87,27.76,58.09,0.29,IN_CONTROL,IN_CONTROL,IN_CONTROL,IN_CONTROL
"22nm",LOT_0028,W002,3.74,1.79,29.65,54.41,0.29,IN_CONTROL,IN_CONTROL,IN_CONTROL,IN_CONTROL
"22nm",LOT_0036,W005,3.73,1.98,27.90,61.52,0.30,IN_CONTROL,IN_CONTROL,IN_CONTROL,IN_CONTROL
"22nm",LOT_0028,W003,3.77,1.92,29.19,62.28,0.30,IN_CONTROL,IN_CONTROL,IN_CONTROL,IN_CONTROL
"22nm",LOT_0041,W013,3.68,1.88,25.77,60.68,0.30,IN_CONTROL,IN_CONTROL,IN_CONTROL,IN_CONTROL
"22nm",LOT_0036,W007,3.74,1.83,27.78,58.81,0.30,IN_CONTROL,IN_CONTROL,IN_CONTROL,IN_CONTROL
"22nm",LOT_0041,W002,3.64,1.67,33.47,59.03,0.31,IN_CONTROL,IN_CONTROL,WARNING,IN_CONTROL
"22nm",LOT_0041,W015,3.56,1.86,29.14,63.69,0.31,IN_CONTROL,IN_CONTROL,IN_CONTROL,IN_CONTROL
"22nm",LOT_0041,W009,3.77,2.01,29.81,60.63,0.31,IN_CONTROL,IN_CONTROL,IN_CONTROL,IN_CONTROL
"22nm",LOT_0019,W006,3.55,1.86,26.86,54.43,0.31,IN_CONTROL,IN_CONTROL,IN_CONTROL,IN_CONTROL
"22nm",LOT_0019,W017,3.52,1.88,27.87,56.24,0.31,IN_CONTROL,IN_CONTROL,IN_CONTROL,IN_CONTROL
"22nm",LOT_0019,W003,3.40,1.99,27.23,65.21,0.32,WARNING,IN_CONTROL,IN_CONTROL,IN_CONTROL
"22nm",LOT_0028,W012,3.75,1.88,30.57,60.36,0.32,IN_CONTROL,IN_CONTROL,IN_CONTROL,IN_CONTROL
"22nm",LOT_0002,W023,3.69,2.11,25.55,64.98,0.32,IN_CONTROL,IN_CONTROL,IN_CONTROL,IN_CONTROL
"22nm",LOT_0036,W004,3.56,1.80,28.93,57.97,0.32,IN_CONTROL,IN_CONTROL,IN_CONTROL,IN_CONTROL
"22nm",LOT_0019,W007,3.45,1.96,28.59,61.60,0.32,IN_CONTROL,IN_CONTROL,IN_CONTROL,IN_CONTROL
"22nm",LOT_0028,W009,3.68,1.86,24.07,57.98,0.33,IN_CONTROL,IN_CONTROL,WARNING,IN_CONTROL
"22nm",LOT_0019,W018,3.45,1.91,28.32,56.65,0.34,IN_CONTROL,IN_CONTROL,IN_CONTROL,IN_CONTROL
"22nm",LOT_0036,W023,3.66,1.88,27.12,60.04,0.34,IN_CONTROL,IN_CONTROL,IN_CONTROL,IN_CONTROL
"22nm",LOT_0036,W019,3.72,1.94,26.53,64.32,0.34,IN_CONTROL,IN_CONTROL,IN_CONTROL,IN_CONTROL
"22nm",LOT_0041,W012,3.76,1.94,30.90,59.96,0.34,IN_CONTROL,IN_CONTROL,IN_CONTROL,IN_CONTROL
"22nm",LOT_0041,W004,3.72,1.70,28.60,54.69,0.34,IN_CONTROL,IN_CONTROL,IN_CONTROL,IN_CONTROL
"22nm",LOT_0028,W010,3.76,1.79,28.06,62.25,0.34,IN_CONTROL,IN_CONTROL,IN_CONTROL,IN_CONTROL
"22nm",LOT_0019,W009,3.63,1.98,29.96,60.92,0.34,IN_CONTROL,IN_CONTROL,IN_CONTROL,IN_CONTROL
"22nm",LOT_0041,W006,3.70,1.66,25.13,56.17,0.35,IN_CONTROL,IN_CONTROL,IN_CONTROL,IN_CONTROL
"22nm",LOT_0019,W022,3.43,2.04,26.87,61.11,0.35,IN_CONTROL,IN_CONTROL,IN_CONTROL,IN_CONTROL
"22nm",LOT_0041,W017,3.69,1.87,27.23,57.36,0.35,IN_CONTROL,IN_CONTROL,IN_CONTROL,IN_CONTROL
"22nm",LOT_0028,W014,3.59,2.07,29.55,56.98,0.35,IN_CONTROL,IN_CONTROL,IN_CONTROL,IN_CONTROL
"22nm",LOT_0002,W020,3.50,1.93,27.28,61.77,0.35,IN_CONTROL,IN_CONTROL,IN_CONTROL,IN_CONTROL
"22nm",LOT_0041,W016,3.74,1.74,27.06,59.15,0.35,IN_CONTROL,IN_CONTROL,IN_CONTROL,IN_CONTROL
"22nm",LOT_0002,W009,3.63,2.00,27.77,60.47,0.35,IN_CONTROL,IN_CONTROL,IN_CONTROL,IN_CONTROL
"22nm",LOT_0019,W001,3.51,1.88,29.44,59.79,0.35,IN_CONTROL,IN_CONTROL,IN_CONTROL,IN_CONTROL
"22nm",LOT_0028,W008,3.58,1.96,25.89,60.49,0.36,IN_CONTROL,IN_CONTROL,IN_CONTROL,IN_CONTROL
"22nm",LOT_0019,W012,3.63,1.81,30.17,53.73,0.36,IN_CONTROL,IN_CONTROL,IN_CONTROL,IN_CONTROL
"22nm",LOT_0002,W019,3.58,2.00,26.30,60.31,0.36,IN_CONTROL,IN_CONTROL,IN_CONTROL,IN_CONTROL
"22nm",LOT_0036,W006,3.61,1.85,31.10,54.64,0.37,IN_CONTROL,IN_CONTROL,IN_CONTROL,IN_CONTROL
"22nm",LOT_0028,W001,3.70,1.91,32.40,63.61,0.37,IN_CONTROL,IN_CONTROL,WARNING,IN_CONTROL
"22nm",LOT_0041,W019,3.73,1.61,28.90,58.24,0.37,IN_CONTROL,WARNING,IN_CONTROL,IN_CONTROL
"22nm",LOT_0019,W023,3.66,1.89,28.21,57.47,0.38,IN_CONTROL,IN_CONTROL,IN_CONTROL,IN_CONTROL
"22nm",LOT_0019,W011,3.56,2.06,25.74,59.79,0.38,IN_CONTROL,IN_CONTROL,IN_CONTROL,IN_CONTROL
"22nm",LOT_0002,W012,3.51,2.00,26.44,60.59,0.38,IN_CONTROL,IN_CONTROL,IN_CONTROL,IN_CONTROL
"22nm",LOT_0036,W010,3.61,1.90,25.30,62.59,0.39,IN_CONTROL,IN_CONTROL,IN_CONTROL,IN_CONTROL
"22nm",LOT_0002,W010,3.64,1.87,25.74,58.43,0.39,IN_CONTROL,IN_CONTROL,IN_CONTROL,IN_CONTROL
"22nm",LOT_0041,W022,3.77,1.89,31.06,61.10,0.39,IN_CONTROL,IN_CONTROL,IN_CONTROL,IN_CONTROL
"22nm",LOT_0028,W006,3.67,1.92,27.03,64.14,0.39,IN_CONTROL,IN_CONTROL,IN_CONTROL,IN_CONTROL
"22nm",LOT_0019,W010,3.46,1.87,26.44,59.21,0.39,IN_CONTROL,IN_CONTROL,IN_CONTROL,IN_CONTROL
"22nm",LOT_0036,W017,3.71,1.89,26.28,59.24,0.39,IN_CONTROL,IN_CONTROL,IN_CONTROL,IN_CONTROL
"22nm",LOT_0036,W016,3.71,1.83,25.82,61.15,0.39,IN_CONTROL,IN_CONTROL,IN_CONTROL,IN_CONTROL
"22nm",LOT_0036,W002,3.72,1.85,28.55,63.72,0.40,IN_CONTROL,IN_CONTROL,IN_CONTROL,IN_CONTROL
"22nm",LOT_0002,W015,3.52,2.04,24.95,59.83,0.40,IN_CONTROL,IN_CONTROL,IN_CONTROL,IN_CONTROL
"22nm",LOT_0002,W003,3.41,2.06,24.46,56.90,0.40,WARNING,IN_CONTROL,IN_CONTROL,IN_CONTROL
"22nm",LOT_0028,W019,3.73,1.88,27.45,51.81,0.40,IN_CONTROL,IN_CONTROL,IN_CONTROL,WARNING
"22nm",LOT_0036,W011,3.60,1.89,32.29,60.93,0.41,IN_CONTROL,IN_CONTROL,WARNING,IN_CONTROL
"22nm",LOT_0019,W014,3.50,1.86,27.12,60.87,0.41,IN_CONTROL,IN_CONTROL,IN_CONTROL,IN_CONTROL
"22nm",LOT_0028,W020,3.68,1.90,31.51,64.03,0.41,IN_CONTROL,IN_CONTROL,IN_CONTROL,IN_CONTROL
"22nm",LOT_0036,W009,3.68,1.78,25.40,58.29,0.41,IN_CONTROL,IN_CONTROL,IN_CONTROL,IN_CONTROL
"22nm",LOT_0041,W008,3.88,1.71,27.90,57.21,0.41,WARNING,IN_CONTROL,IN_CONTROL,IN_CONTROL
"22nm",LOT_0036,W015,3.57,1.85,29.16,55.08,0.41,IN_CONTROL,IN_CONTROL,IN_CONTROL,IN_CONTROL
"22nm",LOT_0002,W018,3.62,2.00,26.94,58.13,0.42,IN_CONTROL,IN_CONTROL,IN_CONTROL,IN_CONTROL
"22nm",LOT_0036,W012,3.63,1.74,28.44,54.30,0.42,IN_CONTROL,IN_CONTROL,IN_CONTROL,IN_CONTROL
"22nm",LOT_0036,W021,3.60,1.91,29.56,63.43,0.42,IN_CONTROL,IN_CONTROL,IN_CONTROL,IN_CONTROL
"22nm",LOT_0041,W023,3.68,1.99,29.99,60.16,0.43,IN_CONTROL,IN_CONTROL,IN_CONTROL,IN_CONTROL
"22nm",LOT_0019,W002,3.59,1.88,30.78,59.16,0.43,IN_CONTROL,IN_CONTROL,IN_CONTROL,IN_CONTROL
"22nm",LOT_0019,W019,3.59,1.68,27.43,56.64,0.44,IN_CONTROL,IN_CONTROL,IN_CONTROL,IN_CONTROL
"22nm",LOT_0019,W024,3.61,2.00,30.27,60.43,0.44,IN_CONTROL,IN_CONTROL,IN_CONTROL,IN_CONTROL
"22nm",LOT_0019,W013,3.53,1.92,30.56,63.65,0.44,IN_CONTROL,IN_CONTROL,IN_CONTROL,IN_CONTROL
"22nm",LOT_0041,W020,3.85,1.91,27.50,60.25,0.44,IN_CONTROL,IN_CONTROL,IN_CONTROL,IN_CONTROL
"22nm",LOT_0019,W016,3.56,1.90,26.31,59.65,0.44,IN_CONTROL,IN_CONTROL,IN_CONTROL,IN_CONTROL
"22nm",LOT_0041,W018,3.73,1.66,29.92,55.93,0.45,IN_CONTROL,IN_CONTROL,IN_CONTROL,IN_CONTROL
"22nm",LOT_0028,W004,3.74,1.82,27.65,60.40,0.45,IN_CONTROL,IN_CONTROL,IN_CONTROL,IN_CONTROL
"22nm",LOT_0028,W015,3.79,1.90,30.16,57.68,0.46,IN_CONTROL,IN_CONTROL,IN_CONTROL,IN_CONTROL
"22nm",LOT_0002,W001,3.58,2.07,27.08,58.12,0.47,IN_CONTROL,IN_CONTROL,IN_CONTROL,IN_CONTROL
"22nm",LOT_0002,W005,3.52,2.04,29.93,60.25,0.47,IN_CONTROL,IN_CONTROL,IN_CONTROL,IN_CONTROL
"22nm",LOT_0002,W014,3.47,2.09,31.62,62.12,0.47,IN_CONTROL,IN_CONTROL,IN_CONTROL,IN_CONTROL
"22nm",LOT_0002,W016,3.62,2.00,27.12,64.34,0.48,IN_CONTROL,IN_CONTROL,IN_CONTROL,IN_CONTROL
"22nm",LOT_0028,W016,3.75,1.91,28.99,54.48,0.52,IN_CONTROL,IN_CONTROL,IN_CONTROL,IN_CONTROL
"22nm",LOT_0002,W017,3.63,2.01,27.40,57.59,0.56,IN_CONTROL,IN_CONTROL,IN_CONTROL,IN_CONTROL
"22nm",LOT_0002,W011,3.58,2.16,29.51,55.76,0.58,IN_CONTROL,WARNING,IN_CONTROL,IN_CONTROL
"22nm",LOT_0002,W013,3.62,1.74,24.95,57.60,0.59,IN_CONTROL,IN_CONTROL,IN_CONTROL,IN_CONTROL
"22nm",LOT_0019,W025,3.56,1.92,25.80,58.65,0.61,IN_CONTROL,IN_CONTROL,IN_CONTROL,IN_CONTROL
"22nm",LOT_0028,W025,3.77,1.90,28.12,62.48,0.62,IN_CONTROL,IN_CONTROL,IN_CONTROL,IN_CONTROL
"28nm",LOT_0024,W002,3.59,1.98,26.55,70.13,0.15,IN_CONTROL,IN_CONTROL,IN_CONTROL,OOC
"28nm",LOT_0011,W024,3.44,1.90,27.69,65.56,0.20,IN_CONTROL,IN_CONTROL,IN_CONTROL,IN_CONTROL
"28nm",LOT_0023,W018,3.67,1.63,28.82,56.96,0.21,IN_CONTROL,WARNING,IN_CONTROL,IN_CONTROL
"28nm",LOT_0022,W003,3.60,1.79,28.17,60.13,0.21,IN_CONTROL,IN_CONTROL,IN_CONTROL,IN_CONTROL
"28nm",LOT_0034,W020,3.45,1.81,25.09,64.43,0.21,IN_CONTROL,IN_CONTROL,IN_CONTROL,IN_CONTROL
"28nm",LOT_0048,W007,3.59,2.03,26.67,60.32,0.21,IN_CONTROL,IN_CONTROL,IN_CONTROL,IN_CONTROL
"28nm",LOT_0007,W014,3.47,2.14,29.84,57.70,0.22,IN_CONTROL,WARNING,IN_CONTROL,IN_CONTROL
"28nm",LOT_0011,W010,3.53,1.90,28.07,62.42,0.22,IN_CONTROL,IN_CONTROL,IN_CONTROL,IN_CONTROL
"28nm",LOT_0048,W015,3.52,1.88,28.60,58.00,0.22,IN_CONTROL,IN_CONTROL,IN_CONTROL,IN_CONTROL
"28nm",LOT_0034,W013,3.62,1.87,28.71,59.53,0.22,IN_CONTROL,IN_CONTROL,IN_CONTROL,IN_CONTROL
"28nm",LOT_0034,W021,3.51,1.85,27.80,63.26,0.22,IN_CONTROL,IN_CONTROL,IN_CONTROL,IN_CONTROL
"28nm",LOT_0011,W007,3.69,2.05,27.63,62.19,0.22,IN_CONTROL,IN_CONTROL,IN_CONTROL,IN_CONTROL
"28nm",LOT_0024,W003,3.58,2.06,28.69,60.27,0.22,IN_CONTROL,IN_CONTROL,IN_CONTROL,IN_CONTROL
"28nm",LOT_0024,W011,3.53,2.16,28.68,65.63,0.22,IN_CONTROL,WARNING,IN_CONTROL,WARNING
"28nm",LOT_0011,W004,3.63,1.94,26.25,52.79,0.22,IN_CONTROL,IN_CONTROL,IN_CONTROL,WARNING
"28nm",LOT_0024,W001,3.48,2.04,30.00,62.38,0.23,IN_CONTROL,IN_CONTROL,IN_CONTROL,IN_CONTROL
"28nm",LOT_0022,W011,3.58,1.75,29.34,65.53,0.23,IN_CONTROL,IN_CONTROL,IN_CONTROL,IN_CONTROL
"28nm",LOT_0012,W018,3.53,1.77,26.05,59.86,0.23,IN_CONTROL,IN_CONTROL,IN_CONTROL,IN_CONTROL
"28nm",LOT_0034,W024,3.58,1.71,30.08,60.32,0.23,IN_CONTROL,IN_CONTROL,IN_CONTROL,IN_CONTROL
"28nm",LOT_0011,W017,3.70,1.83,26.32,62.25,0.23,IN_CONTROL,IN_CONTROL,IN_CONTROL,IN_CONTROL
"28nm",LOT_0048,W021,3.66,1.93,25.59,65.66,0.23,IN_CONTROL,IN_CONTROL,IN_CONTROL,WARNING
"28nm",LOT_0048,W025,3.67,1.83,29.77,62.61,0.23,IN_CONTROL,IN_CONTROL,IN_CONTROL,IN_CONTROL
"28nm",LOT_0007,W009,3.56,2.01,31.31,58.55,0.23,IN_CONTROL,IN_CONTROL,IN_CONTROL,IN_CONTROL
"28nm",LOT_0022,W025,3.62,2.01,30.95,60.19,0.23,IN_CONTROL,IN_CONTROL,IN_CONTROL,IN_CONTROL
"28nm",LOT_0011,W021,3.54,1.82,25.60,63.25,0.23,IN_CONTROL,IN_CONTROL,IN_CONTROL,IN_CONTROL
"28nm",LOT_0006,W022,3.47,1.92,30.78,58.84,0.23,IN_CONTROL,IN_CONTROL,IN_CONTROL,IN_CONTROL
"28nm",LOT_0049,W019,3.63,1.96,32.03,61.82,0.24,IN_CONTROL,IN_CONTROL,IN_CONTROL,IN_CONTROL
"28nm",LOT_0007,W020,3.44,1.84,29.67,60.72,0.24,IN_CONTROL,IN_CONTROL,IN_CONTROL,IN_CONTROL
"28nm",LOT_0022,W017,3.66,1.89,30.24,59.41,0.24,IN_CONTROL,IN_CONTROL,IN_CONTROL,IN_CONTROL
"28nm",LOT_0007,W021,3.56,1.87,27.73,58.44,0.24,IN_CONTROL,IN_CONTROL,IN_CONTROL,IN_CONTROL
"28nm",LOT_0016,W019,3.55,2.04,27.96,57.07,0.24,IN_CONTROL,IN_CONTROL,IN_CONTROL,IN_CONTROL
"28nm",LOT_0024,W018,3.66,1.97,29.44,63.44,0.24,IN_CONTROL,IN_CONTROL,IN_CONTROL,IN_CONTROL
"28nm",LOT_0016,W023,3.58,1.98,32.44,60.17,0.24,IN_CONTROL,IN_CONTROL,WARNING,IN_CONTROL
"28nm",LOT_0024,W010,3.48,1.87,30.42,57.56,0.24,IN_CONTROL,IN_CONTROL,IN_CONTROL,IN_CONTROL
"28nm",LOT_0023,W025,3.54,1.96,26.90,59.26,0.24,IN_CONTROL,IN_CONTROL,IN_CONTROL,IN_CONTROL
"28nm",LOT_0048,W014,3.64,1.98,31.80,57.44,0.24,IN_CONTROL,IN_CONTROL,IN_CONTROL,IN_CONTROL
"28nm",LOT_0049,W012,3.58,1.84,25.74,62.67,0.25,IN_CONTROL,IN_CONTROL,IN_CONTROL,IN_CONTROL
"28nm",LOT_0006,W021,3.52,1.91,30.71,62.07,0.25,IN_CONTROL,IN_CONTROL,IN_CONTROL,IN_CONTROL
"28nm",LOT_0023,W023,3.64,1.97,27.00,57.84,0.25,IN_CONTROL,IN_CONTROL,IN_CONTROL,IN_CONTROL
"28nm",LOT_0022,W002,3.61,1.99,26.28,62.08,0.25,IN_CONTROL,IN_CONTROL,IN_CONTROL,IN_CONTROL
"28nm",LOT_0049,W009,3.61,1.78,27.11,56.20,0.25,IN_CONTROL,IN_CONTROL,IN_CONTROL,IN_CONTROL
"28nm",LOT_0024,W015,3.62,1.99,28.05,59.14,0.25,IN_CONTROL,IN_CONTROL,IN_CONTROL,IN_CONTROL
"28nm",LOT_0048,W008,3.52,1.81,28.13,57.67,0.25,IN_CONTROL,IN_CONTROL,IN_CONTROL,IN_CONTROL
"28nm",LOT_0049,W008,3.60,1.94,27.54,54.93,0.25,IN_CONTROL,IN_CONTROL,IN_CONTROL,IN_CONTROL
"28nm",LOT_0023,W006,3.62,1.87,27.72,63.79,0.25,IN_CONTROL,IN_CONTROL,IN_CONTROL,IN_CONTROL
"28nm",LOT_0022,W006,3.66,2.02,27.90,60.75,0.25,IN_CONTROL,IN_CONTROL,IN_CONTROL,IN_CONTROL
"28nm",LOT_0007,W024,3.64,2.06,33.27,61.60,0.25,IN_CONTROL,IN_CONTROL,WARNING,IN_CONTROL
"28nm",LOT_0022,W016,3.63,2.04,28.21,59.00,0.25,IN_CONTROL,IN_CONTROL,IN_CONTROL,IN_CONTROL
"28nm",LOT_0024,W017,3.58,1.91,28.25,55.77,0.25,IN_CONTROL,IN_CONTROL,IN_CONTROL,IN_CONTROL
"28nm",LOT_0016,W004,3.59,1.76,28.80,66.87,0.25,IN_CONTROL,IN_CONTROL,IN_CONTROL,WARNING
"28nm",LOT_0048,W004,3.57,1.91,27.70,59.59,0.25,IN_CONTROL,IN_CONTROL,IN_CONTROL,IN_CONTROL
"28nm",LOT_0024,W016,3.53,1.88,26.50,61.99,0.25,IN_CONTROL,IN_CONTROL,IN_CONTROL,IN_CONTROL
"28nm",LOT_0023,W012,3.70,2.01,29.88,58.92,0.25,IN_CONTROL,IN_CONTROL,IN_CONTROL,IN_CONTROL
"28nm",LOT_0049,W014,3.74,1.86,31.27,58.18,0.25,IN_CONTROL,IN_CONTROL,IN_CONTROL,IN_CONTROL
"28nm",LOT_0006,W016,3.45,2.01,27.61,59.38,0.25,IN_CONTROL,IN_CONTROL,IN_CONTROL,IN_CONTROL
"28nm",LOT_0049,W023,3.74,1.92,25.67,62.07,0.26,IN_CONTROL,IN_CONTROL,IN_CONTROL,IN_CONTROL
"28nm",LOT_0022,W007,3.62,2.04,24.11,57.88,0.26,IN_CONTROL,IN_CONTROL,IN_CONTROL,IN_CONTROL
"28nm",LOT_0034,W015,3.64,1.95,27.44,57.63,0.26,IN_CONTROL,IN_CONTROL,IN_CONTROL,IN_CONTROL
"28nm",LOT_0007,W008,3.62,1.90,28.15,58.99,0.26,IN_CONTROL,IN_CONTROL,IN_CONTROL,IN_CONTROL
"28nm",LOT_0016,W013,3.60,1.91,29.78,63.17,0.26,IN_CONTROL,IN_CONTROL,IN_CONTROL,IN_CONTROL
"28nm",LOT_0012,W010,3.71,2.07,28.77,63.37,0.26,IN_CONTROL,IN_CONTROL,IN_CONTROL,IN_CONTROL
"28nm",LOT_0023,W001,3.67,1.94,28.74,56.65,0.27,IN_CONTROL,IN_CONTROL,IN_CONTROL,IN_CONTROL
"28nm",LOT_0011,W015,3.51,2.07,26.98,60.45,0.27,IN_CONTROL,IN_CONTROL,IN_CONTROL,IN_CONTROL
"28nm",LOT_0031,W019,3.65,1.87,25.16,62.75,0.27,IN_CONTROL,IN_CONTROL,IN_CONTROL,IN_CONTROL
"28nm",LOT_0016,W003,3.63,1.93,26.76,57.36,0.27,IN_CONTROL,IN_CONTROL,IN_CONTROL,IN_CONTROL
"28nm",LOT_0034,W009,3.37,1.74,26.56,63.90,0.27,WARNING,IN_CONTROL,IN_CONTROL,IN_CONTROL
"28nm",LOT_0034,W019,3.57,1.97,29.28,57.84,0.27,IN_CONTROL,IN_CONTROL,IN_CONTROL,IN_CONTROL
"28nm",LOT_0049,W021,3.55,1.85,30.49,55.82,0.27,IN_CONTROL,IN_CONTROL,IN_CONTROL,IN_CONTROL
"28nm",LOT_0031,W013,3.82,1.77,33.65,55.04,0.27,WARNING,IN_CONTROL,WARNING,IN_CONTROL
"28nm",LOT_0024,W020,3.42,1.83,29.01,63.34,0.27,IN_CONTROL,IN_CONTROL,IN_CONTROL,IN_CONTROL
"28nm",LOT_0016,W020,3.58,1.92,28.03,64.91,0.27,IN_CONTROL,IN_CONTROL,IN_CONTROL,IN_CONTROL
"28nm",LOT_0048,W018,3.65,1.91,30.68,61.56,0.27,IN_CONTROL,IN_CONTROL,IN_CONTROL,IN_CONTROL
"28nm",LOT_0024,W013,3.59,1.97,27.53,65.72,0.27,IN_CONTROL,IN_CONTROL,IN_CONTROL,WARNING
"28nm",LOT_0006,W004,3.57,2.19,26.16,58.75,0.27,IN_CONTROL,WARNING,IN_CONTROL,IN_CONTROL
"28nm",LOT_0007,W004,3.63,1.88,28.97,61.39,0.27,IN_CONTROL,IN_CONTROL,IN_CONTROL,IN_CONTROL
"28nm",LOT_0023,W020,3.82,2.03,28.99,61.49,0.27,WARNING,IN_CONTROL,IN_CONTROL,IN_CONTROL
"28nm",LOT_0049,W007,3.75,1.89,27.08,59.49,0.27,IN_CONTROL,IN_CONTROL,IN_CONTROL,IN_CONTROL
"28nm",LOT_0011,W018,3.59,1.92,24.05,57.75,0.27,IN_CONTROL,IN_CONTROL,IN_CONTROL,IN_CONTROL
"28nm",LOT_0012,W006,3.54,1.96,24.96,61.51,0.28,IN_CONTROL,IN_CONTROL,IN_CONTROL,IN_CONTROL
"28nm",LOT_0048,W012,3.58,1.71,29.56,58.93,0.28,IN_CONTROL,IN_CONTROL,IN_CONTROL,IN_CONTROL
"28nm",LOT_0048,W016,3.80,1.84,25.81,61.18,0.28,IN_CONTROL,IN_CONTROL,IN_CONTROL,IN_CONTROL
"28nm",LOT_0022,W018,3.77,2.00,29.83,60.20,0.28,IN_CONTROL,IN_CONTROL,IN_CONTROL,IN_CONTROL
"28nm",LOT_0022,W022,3.48,1.81,25.09,62.92,0.28,IN_CONTROL,IN_CONTROL,IN_CONTROL,IN_CONTROL
"28nm",LOT_0007,W015,3.54,1.93,28.38,63.02,0.28,IN_CONTROL,IN_CONTROL,IN_CONTROL,IN_CONTROL
"28nm",LOT_0024,W008,3.61,1.79,24.65,58.26,0.28,IN_CONTROL,IN_CONTROL,IN_CONTROL,IN_CONTROL
"28nm",LOT_0031,W002,3.60,2.03,29.45,53.82,0.28,IN_CONTROL,IN_CONTROL,IN_CONTROL,WARNING
"28nm",LOT_0024,W004,3.51,1.80,27.49,56.67,0.28,IN_CONTROL,IN_CONTROL,IN_CONTROL,IN_CONTROL
"28nm",LOT_0034,W007,3.57,1.61,26.15,60.11,0.29,IN_CONTROL,WARNING,IN_CONTROL,IN_CONTROL
"28nm",LOT_0024,W022,3.67,1.85,25.40,64.30,0.29,IN_CONTROL,IN_CONTROL,IN_CONTROL,IN_CONTROL
"28nm",LOT_0048,W019,3.62,1.90,26.69,64.11,0.29,IN_CONTROL,IN_CONTROL,IN_CONTROL,IN_CONTROL
"28nm",LOT_0048,W002,3.66,1.72,27.81,56.42,0.29,IN_CONTROL,IN_CONTROL,IN_CONTROL,IN_CONTROL
"28nm",LOT_0016,W022,3.66,1.81,29.21,64.40,0.29,IN_CONTROL,IN_CONTROL,IN_CONTROL,IN_CONTROL
"28nm",LOT_0012,W011,3.62,2.03,29.71,60.45,0.29,IN_CONTROL,IN_CONTROL,IN_CONTROL,IN_CONTROL
"28nm",LOT_0007,W022,3.35,2.07,28.35,61.53,0.29,WARNING,IN_CONTROL,IN_CONTROL,IN_CONTROL
"28nm",LOT_0022,W004,3.65,1.88,29.16,52.53,0.29,IN_CONTROL,IN_CONTROL,IN_CONTROL,WARNING
"28nm",LOT_0049,W006,3.69,1.97,27.77,60.42,0.29,IN_CONTROL,IN_CONTROL,IN_CONTROL,IN_CONTROL
"28nm",LOT_0031,W015,3.79,1.78,25.72,61.50,0.29,IN_CONTROL,IN_CONTROL,IN_CONTROL,IN_CONTROL
"28nm",LOT_0006,W001,3.58,2.15,24.56,60.85,0.29,IN_CONTROL,WARNING,IN_CONTROL,IN_CONTROL
"28nm",LOT_0011,W014,3.47,2.08,26.43,55.82,0.30,IN_CONTROL,IN_CONTROL,IN_CONTROL,IN_CONTROL
"28nm",LOT_0006,W013,3.53,2.04,31.27,65.26,0.30,IN_CONTROL,IN_CONTROL,IN_CONTROL,IN_CONTROL
"28nm",LOT_0016,W014,3.54,2.05,26.30,60.92,0.30,IN_CONTROL,IN_CONTROL,IN_CONTROL,IN_CONTROL
"28nm",LOT_0049,W001,3.55,1.85,29.54,57.15,0.30,IN_CONTROL,IN_CONTROL,IN_CONTROL,IN_CONTROL
"28nm",LOT_0016,W010,3.74,1.97,27.19,55.54,0.30,IN_CONTROL,IN_CONTROL,IN_CONTROL,IN_CONTROL
"28nm",LOT_0016,W015,3.30,2.03,28.22,55.38,0.30,OOC,IN_CONTROL,IN_CONTROL,IN_CONTROL
"28nm",LOT_0024,W014,3.59,2.04,26.65,62.98,0.30,IN_CONTROL,IN_CONTROL,IN_CONTROL,IN_CONTROL
"28nm",LOT_0016,W007,3.60,1.99,28.74,62.51,0.30,IN_CONTROL,IN_CONTROL,IN_CONTROL,IN_CONTROL
"28nm",LOT_0022,W021,3.54,2.02,27.39,58.86,0.31,IN_CONTROL,IN_CONTROL,IN_CONTROL,IN_CONTROL
"28nm",LOT_0022,W014,3.62,1.95,29.67,61.01,0.31,IN_CONTROL,IN_CONTROL,IN_CONTROL,IN_CONTROL
"28nm",LOT_0011,W005,3.42,1.90,27.52,60.23,0.31,IN_CONTROL,IN_CONTROL,IN_CONTROL,IN_CONTROL
"28nm",LOT_0011,W020,3.59,2.11,29.53,57.06,0.31,IN_CONTROL,IN_CONTROL,IN_CONTROL,IN_CONTROL
"28nm",LOT_0011,W023,3.54,1.99,26.19,54.58,0.31,IN_CONTROL,IN_CONTROL,IN_CONTROL,IN_CONTROL
"28nm",LOT_0023,W010,3.67,1.83,29.11,57.05,0.31,IN_CONTROL,IN_CONTROL,IN_CONTROL,IN_CONTROL
"28nm",LOT_0031,W025,3.75,1.97,31.34,57.35,0.31,IN_CONTROL,IN_CONTROL,IN_CONTROL,IN_CONTROL
"28nm",LOT_0049,W003,3.64,1.80,26.52,60.07,0.31,IN_CONTROL,IN_CONTROL,IN_CONTROL,IN_CONTROL
"28nm",LOT_0048,W013,3.67,1.89,29.50,58.63,0.31,IN_CONTROL,IN_CONTROL,IN_CONTROL,IN_CONTROL
"28nm",LOT_0034,W012,3.57,1.91,28.36,62.01,0.31,IN_CONTROL,IN_CONTROL,IN_CONTROL,IN_CONTROL
"28nm",LOT_0031,W022,3.64,1.91,30.61,55.58,0.31,IN_CONTROL,IN_CONTROL,IN_CONTROL,IN_CONTROL
"28nm",LOT_0011,W002,3.45,1.93,26.17,62.01,0.31,IN_CONTROL,IN_CONTROL,IN_CONTROL,IN_CONTROL
"28nm",LOT_0048,W006,3.51,1.72,30.75,58.53,0.31,IN_CONTROL,IN_CONTROL,IN_CONTROL,IN_CONTROL
"28nm",LOT_0007,W007,3.54,1.90,27.50,63.60,0.31,IN_CONTROL,IN_CONTROL,IN_CONTROL,IN_CONTROL
"28nm",LOT_0023,W022,3.77,1.98,27.79,63.86,0.31,IN_CONTROL,IN_CONTROL,IN_CONTROL,IN_CONTROL
"28nm",LOT_0031,W018,3.68,1.90,26.16,55.98,0.31,IN_CONTROL,IN_CONTROL,IN_CONTROL,IN_CONTROL
"28nm",LOT_0007,W005,3.32,1.94,28.31,58.24,0.31,WARNING,IN_CONTROL,IN_CONTROL,IN_CONTROL
"28nm",LOT_0024,W024,3.63,1.94,29.64,54.79,0.32,IN_CONTROL,IN_CONTROL,IN_CONTROL,IN_CONTROL
"28nm",LOT_0022,W008,3.59,1.86,30.31,65.70,0.32,IN_CONTROL,IN_CONTROL,IN_CONTROL,WARNING
"28nm",LOT_0022,W010,3.70,1.93,32.23,58.77,0.32,IN_CONTROL,IN_CONTROL,WARNING,IN_CONTROL
"28nm",LOT_0007,W003,3.53,2.00,31.78,61.67,0.32,IN_CONTROL,IN_CONTROL,IN_CONTROL,IN_CONTROL
"28nm",LOT_0011,W022,3.54,1.94,26.51,59.01,0.32,IN_CONTROL,IN_CONTROL,IN_CONTROL,IN_CONTROL
"28nm",LOT_0016,W012,3.53,1.99,26.83,56.74,0.32,IN_CONTROL,IN_CONTROL,IN_CONTROL,IN_CONTROL
"28nm",LOT_0031,W011,3.59,1.99,27.85,59.16,0.32,IN_CONTROL,IN_CONTROL,IN_CONTROL,IN_CONTROL
"28nm",LOT_0034,W010,3.50,1.78,27.36,55.37,0.32,IN_CONTROL,IN_CONTROL,IN_CONTROL,IN_CONTROL
"28nm",LOT_0031,W014,3.79,1.92,30.37,60.28,0.32,IN_CONTROL,IN_CONTROL,IN_CONTROL,IN_CONTROL
"28nm",LOT_0007,W012,3.38,1.94,29.52,56.56,0.32,WARNING,IN_CONTROL,IN_CONTROL,IN_CONTROL
"28nm",LOT_0012,W021,3.53,2.07,28.58,62.02,0.32,IN_CONTROL,IN_CONTROL,IN_CONTROL,IN_CONTROL
"28nm",LOT_0022,W001,3.55,1.92,25.48,58.79,0.33,IN_CONTROL,IN_CONTROL,IN_CONTROL,IN_CONTROL
"28nm",LOT_0034,W017,3.75,1.83,27.26,60.94,0.33,IN_CONTROL,IN_CONTROL,IN_CONTROL,IN_CONTROL
"28nm",LOT_0024,W007,3.65,1.79,30.85,59.01,0.33,IN_CONTROL,IN_CONTROL,IN_CONTROL,IN_CONTROL
"28nm",LOT_0034,W005,3.52,1.79,26.63,59.40,0.33,IN_CONTROL,IN_CONTROL,IN_CONTROL,IN_CONTROL
"28nm",LOT_0012,W002,3.65,1.87,27.31,62.06,0.33,IN_CONTROL,IN_CONTROL,IN_CONTROL,IN_CONTROL
"28nm",LOT_0034,W023,3.57,1.83,31.79,64.11,0.33,IN_CONTROL,IN_CONTROL,IN_CONTROL,IN_CONTROL
"28nm",LOT_0012,W022,3.51,1.84,28.07,60.48,0.33,IN_CONTROL,IN_CONTROL,IN_CONTROL,IN_CONTROL
"28nm",LOT_0049,W022,3.62,1.94,25.68,57.56,0.34,IN_CONTROL,IN_CONTROL,IN_CONTROL,IN_CONTROL
"28nm",LOT_0031,W021,3.76,1.81,29.55,60.92,0.34,IN_CONTROL,IN_CONTROL,IN_CONTROL,IN_CONTROL
"28nm",LOT_0024,W019,3.71,1.99,24.48,61.45,0.34,IN_CONTROL,IN_CONTROL,IN_CONTROL,IN_CONTROL
"28nm",LOT_0007,W025,3.68,1.84,28.84,54.67,0.34,IN_CONTROL,IN_CONTROL,IN_CONTROL,IN_CONTROL
"28nm",LOT_0016,W009,3.77,2.12,24.94,62.36,0.34,IN_CONTROL,IN_CONTROL,IN_CONTROL,IN_CONTROL
"28nm",LOT_0012,W004,3.42,2.10,31.27,59.45,0.34,IN_CONTROL,IN_CONTROL,IN_CONTROL,IN_CONTROL
"28nm",LOT_0007,W019,3.43,2.08,28.00,56.45,0.34,IN_CONTROL,IN_CONTROL,IN_CONTROL,IN_CONTROL
"28nm",LOT_0023,W016,3.57,2.11,30.01,57.91,0.35,IN_CONTROL,IN_CONTROL,IN_CONTROL,IN_CONTROL
"28nm",LOT_0048,W003,3.60,1.80,27.55,59.90,0.35,IN_CONTROL,IN_CONTROL,IN_CONTROL,IN_CONTROL
"28nm",LOT_0034,W001,3.78,1.89,31.58,62.23,0.35,IN_CONTROL,IN_CONTROL,IN_CONTROL,IN_CONTROL
"28nm",LOT_0022,W009,3.67,1.81,28.37,55.59,0.35,IN_CONTROL,IN_CONTROL,IN_CONTROL,IN_CONTROL
"28nm",LOT_0031,W024,3.64,2.04,26.84,60.23,0.35,IN_CONTROL,IN_CONTROL,IN_CONTROL,IN_CONTROL
"28nm",LOT_0034,W022,3.74,1.89,28.41,63.99,0.35,IN_CONTROL,IN_CONTROL,IN_CONTROL,IN_CONTROL
"28nm",LOT_0006,W018,3.51,1.97,26.90,59.65,0.35,IN_CONTROL,IN_CONTROL,IN_CONTROL,IN_CONTROL
"28nm",LOT_0024,W023,3.78,1.92,29.32,57.29,0.35,IN_CONTROL,IN_CONTROL,IN_CONTROL,IN_CONTROL
"28nm",LOT_0049,W004,3.59,1.88,27.57,60.47,0.35,IN_CONTROL,IN_CONTROL,IN_CONTROL,IN_CONTROL
"28nm",LOT_0007,W001,3.44,1.89,27.48,61.06,0.35,IN_CONTROL,IN_CONTROL,IN_CONTROL,IN_CONTROL
"28nm",LOT_0024,W005,3.58,2.01,28.61,59.33,0.35,IN_CONTROL,IN_CONTROL,IN_CONTROL,IN_CONTROL
"28nm",LOT_0048,W020,3.68,1.75,30.43,58.94,0.35,IN_CONTROL,IN_CONTROL,IN_CONTROL,IN_CONTROL
"28nm",LOT_0022,W023,3.58,2.13,28.91,61.89,0.35,IN_CONTROL,WARNING,IN_CONTROL,IN_CONTROL
"28nm",LOT_0023,W014,3.72,1.84,25.19,61.35,0.35,IN_CONTROL,IN_CONTROL,IN_CONTROL,IN_CONTROL
"28nm",LOT_0012,W023,3.55,2.14,24.26,61.25,0.35,IN_CONTROL,WARNING,IN_CONTROL,IN_CONTROL
"28nm",LOT_0016,W017,3.52,1.98,29.40,57.23,0.35,IN_CONTROL,IN_CONTROL,IN_CONTROL,IN_CONTROL
"28nm",LOT_0034,W025,3.50,1.90,28.56,59.30,0.35,IN_CONTROL,IN_CONTROL,IN_CONTROL,IN_CONTROL
"28nm",LOT_0006,W014,3.57,2.18,28.01,63.03,0.35,IN_CONTROL,WARNING,IN_CONTROL,IN_CONTROL
"28nm",LOT_0023,W017,3.60,1.81,28.68,56.17,0.35,IN_CONTROL,IN_CONTROL,IN_CONTROL,IN_CONTROL
"28nm",LOT_0006,W011,3.62,2.09,24.95,61.85,0.35,IN_CONTROL,IN_CONTROL,IN_CONTROL,IN_CONTROL
"28nm",LOT_0023,W019,3.65,1.89,24.55,59.52,0.36,IN_CONTROL,IN_CONTROL,IN_CONTROL,IN_CONTROL
"28nm",LOT_0012,W007,3.53,1.89,26.84,59.97,0.36,IN_CONTROL,IN_CONTROL,IN_CONTROL,IN_CONTROL
"28nm",LOT_0012,W003,3.53,1.94,30.68,63.02,0.36,IN_CONTROL,IN_CONTROL,IN_CONTROL,IN_CONTROL
"28nm",LOT_0048,W022,3.59,1.83,28.56,60.20,0.36,IN_CONTROL,IN_CONTROL,IN_CONTROL,IN_CONTROL
"28nm",LOT_0007,W002,3.68,2.10,28.93,61.52,0.36,IN_CONTROL,IN_CONTROL,IN_CONTROL,IN_CONTROL
"28nm",LOT_0016,W018,3.63,1.88,31.08,62.98,0.36,IN_CONTROL,IN_CONTROL,IN_CONTROL,IN_CONTROL
"28nm",LOT_0016,W008,3.75,1.92,29.62,59.21,0.36,IN_CONTROL,IN_CONTROL,IN_CONTROL,IN_CONTROL
"28nm",LOT_0048,W023,3.56,1.87,30.82,61.37,0.36,IN_CONTROL,IN_CONTROL,IN_CONTROL,IN_CONTROL
"28nm",LOT_0006,W023,3.85,1.95,30.44,58.54,0.36,WARNING,IN_CONTROL,IN_CONTROL,IN_CONTROL
"28nm",LOT_0012,W013,3.50,1.91,30.14,63.04,0.36,IN_CONTROL,IN_CONTROL,IN_CONTROL,IN_CONTROL
"28nm",LOT_0031,W016,3.76,1.83,24.72,55.05,0.36,IN_CONTROL,IN_CONTROL,IN_CONTROL,IN_CONTROL
"28nm",LOT_0049,W002,3.65,1.85,27.39,59.50,0.36,IN_CONTROL,IN_CONTROL,IN_CONTROL,IN_CONTROL
"28nm",LOT_0034,W018,3.47,1.85,31.35,58.14,0.36,IN_CONTROL,IN_CONTROL,IN_CONTROL,IN_CONTROL
"28nm",LOT_0031,W023,3.76,1.87,29.26,60.38,0.36,IN_CONTROL,IN_CONTROL,IN_CONTROL,IN_CONTROL
"28nm",LOT_0049,W017,3.80,1.91,25.98,58.35,0.37,IN_CONTROL,IN_CONTROL,IN_CONTROL,IN_CONTROL
"28nm",LOT_0049,W025,3.72,1.92,29.08,57.99,0.37,IN_CONTROL,IN_CONTROL,IN_CONTROL,IN_CONTROL
"28nm",LOT_0048,W024,3.78,1.89,28.34,61.14,0.37,IN_CONTROL,IN_CONTROL,IN_CONTROL,IN_CONTROL
"28nm",LOT_0049,W015,3.63,1.87,28.16,58.35,0.37,IN_CONTROL,IN_CONTROL,IN_CONTROL,IN_CONTROL
"28nm",LOT_0023,W004,3.73,2.00,29.45,57.11,0.37,IN_CONTROL,IN_CONTROL,IN_CONTROL,IN_CONTROL
"28nm",LOT_0024,W009,3.65,1.67,27.62,63.81,0.37,IN_CONTROL,WARNING,IN_CONTROL,IN_CONTROL
"28nm",LOT_0048,W011,3.57,1.73,30.88,63.31,0.37,IN_CONTROL,IN_CONTROL,IN_CONTROL,IN_CONTROL
"28nm",LOT_0011,W019,3.65,1.85,25.47,57.67,0.37,IN_CONTROL,IN_CONTROL,IN_CONTROL,IN_CONTROL
"28nm",LOT_0022,W013,3.54,1.84,28.93,56.54,0.37,IN_CONTROL,IN_CONTROL,IN_CONTROL,IN_CONTROL
"28nm",LOT_0031,W012,3.69,1.97,27.81,61.99,0.37,IN_CONTROL,IN_CONTROL,IN_CONTROL,IN_CONTROL
"28nm",LOT_0031,W007,3.82,1.92,27.97,58.25,0.37,WARNING,IN_CONTROL,IN_CONTROL,IN_CONTROL
"28nm",LOT_0016,W011,3.51,2.08,28.42,58.60,0.37,IN_CONTROL,IN_CONTROL,IN_CONTROL,IN_CONTROL
"28nm",LOT_0034,W014,3.54,1.86,28.81,61.88,0.37,IN_CONTROL,IN_CONTROL,IN_CONTROL,IN_CONTROL
"28nm",LOT_0011,W013,3.74,1.98,23.85,59.72,0.37,IN_CONTROL,IN_CONTROL,IN_CONTROL,IN_CONTROL
"28nm",LOT_0023,W024,3.68,1.98,31.29,56.64,0.38,IN_CONTROL,IN_CONTROL,IN_CONTROL,IN_CONTROL
"28nm",LOT_0048,W001,3.69,1.77,27.40,59.60,0.38,IN_CONTROL,IN_CONTROL,IN_CONTROL,IN_CONTROL
"28nm",LOT_0006,W017,3.52,1.90,27.24,61.00,0.38,IN_CONTROL,IN_CONTROL,IN_CONTROL,IN_CONTROL
"28nm",LOT_0023,W003,3.66,1.86,26.93,59.55,0.38,IN_CONTROL,IN_CONTROL,IN_CONTROL,IN_CONTROL
"28nm",LOT_0031,W008,3.84,1.98,28.68,61.37,0.38,WARNING,IN_CONTROL,IN_CONTROL,IN_CONTROL
"28nm",LOT_0023,W013,3.67,2.02,29.63,56.46,0.38,IN_CONTROL,IN_CONTROL,IN_CONTROL,IN_CONTROL
"28nm",LOT_0006,W007,3.54,2.06,23.83,59.44,0.38,IN_CONTROL,IN_CONTROL,WARNING,IN_CONTROL
"28nm",LOT_0012,W008,3.68,1.90,29.28,59.81,0.38,IN_CONTROL,IN_CONTROL,IN_CONTROL,IN_CONTROL
"28nm",LOT_0012,W001,3.55,1.91,29.76,57.69,0.38,IN_CONTROL,IN_CONTROL,IN_CONTROL,IN_CONTROL
"28nm",LOT_0011,W006,3.59,2.07,29.02,59.43,0.38,IN_CONTROL,IN_CONTROL,IN_CONTROL,IN_CONTROL
"28nm",LOT_0006,W025,3.66,1.85,27.89,61.45,0.38,IN_CONTROL,IN_CONTROL,IN_CONTROL,IN_CONTROL
"28nm",LOT_0016,W005,3.60,1.90,30.32,62.35,0.38,IN_CONTROL,IN_CONTROL,IN_CONTROL,IN_CONTROL
"28nm",LOT_0023,W008,3.86,1.86,32.19,58.62,0.39,WARNING,IN_CONTROL,WARNING,IN_CONTROL
"28nm",LOT_0012,W009,3.58,1.98,27.04,56.63,0.39,IN_CONTROL,IN_CONTROL,IN_CONTROL,IN_CONTROL
"28nm",LOT_0048,W017,3.67,1.96,26.02,63.94,0.39,IN_CONTROL,IN_CONTROL,IN_CONTROL,IN_CONTROL
"28nm",LOT_0024,W012,3.65,1.85,26.10,56.35,0.39,IN_CONTROL,IN_CONTROL,IN_CONTROL,IN_CONTROL
"28nm",LOT_0016,W002,3.54,2.12,28.12,58.82,0.39,IN_CONTROL,IN_CONTROL,IN_CONTROL,IN_CONTROL
"28nm",LOT_0006,W009,3.64,2.02,30.15,64.58,0.39,IN_CONTROL,IN_CONTROL,IN_CONTROL,IN_CONTROL
"28nm",LOT_0006,W020,3.72,2.00,26.92,58.36,0.39,IN_CONTROL,IN_CONTROL,IN_CONTROL,IN_CONTROL
"28nm",LOT_0011,W009,3.56,1.98,29.01,60.25,0.39,IN_CONTROL,IN_CONTROL,IN_CONTROL,IN_CONTROL
"28nm",LOT_0049,W016,3.59,1.94,30.46,58.04,0.39,IN_CONTROL,IN_CONTROL,IN_CONTROL,IN_CONTROL
"28nm",LOT_0023,W002,3.70,1.99,29.37,62.65,0.39,IN_CONTROL,IN_CONTROL,IN_CONTROL,IN_CONTROL
"28nm",LOT_0023,W015,3.72,1.81,26.02,57.10,0.40,IN_CONTROL,IN_CONTROL,IN_CONTROL,IN_CONTROL
"28nm",LOT_0006,W008,3.64,1.92,29.24,58.09,0.40,IN_CONTROL,IN_CONTROL,IN_CONTROL,IN_CONTROL
"28nm",LOT_0012,W024,3.56,1.89,27.23,58.09,0.40,IN_CONTROL,IN_CONTROL,IN_CONTROL,IN_CONTROL
"28nm",LOT_0049,W013,3.60,1.83,25.50,56.02,0.40,IN_CONTROL,IN_CONTROL,IN_CONTROL,IN_CONTROL
"28nm",LOT_0024,W021,3.54,1.97,30.29,58.97,0.40,IN_CONTROL,IN_CONTROL,IN_CONTROL,IN_CONTROL
"28nm",LOT_0034,W004,3.53,1.83,25.33,61.34,0.40,IN_CONTROL,IN_CONTROL,IN_CONTROL,IN_CONTROL
"28nm",LOT_0031,W017,3.71,1.84,28.08,61.69,0.40,IN_CONTROL,IN_CONTROL,IN_CONTROL,IN_CONTROL
"28nm",LOT_0034,W003,3.35,1.83,25.43,64.98,0.40,WARNING,IN_CONTROL,IN_CONTROL,IN_CONTROL
"28nm",LOT_0031,W001,3.72,1.93,28.20,62.09,0.40,IN_CONTROL,IN_CONTROL,IN_CONTROL,IN_CONTROL
"28nm",LOT_0023,W021,3.67,1.91,27.71,59.72,0.40,IN_CONTROL,IN_CONTROL,IN_CONTROL,IN_CONTROL
"28nm",LOT_0016,W021,3.62,1.78,27.31,59.16,0.40,IN_CONTROL,IN_CONTROL,IN_CONTROL,IN_CONTROL
"28nm",LOT_0007,W011,3.46,1.68,28.22,63.99,0.40,IN_CONTROL,WARNING,IN_CONTROL,IN_CONTROL
"28nm",LOT_0031,W020,3.70,1.78,32.32,54.62,0.40,IN_CONTROL,IN_CONTROL,WARNING,IN_CONTROL
"28nm",LOT_0016,W016,3.69,1.84,28.18,58.67,0.40,IN_CONTROL,IN_CONTROL,IN_CONTROL,IN_CONTROL
"28nm",LOT_0006,W015,3.47,2.03,24.69,61.62,0.40,IN_CONTROL,IN_CONTROL,IN_CONTROL,IN_CONTROL
"28nm",LOT_0048,W005,3.46,1.69,27.84,59.15,0.40,IN_CONTROL,WARNING,IN_CONTROL,IN_CONTROL
"28nm",LOT_0048,W010,3.66,1.76,23.88,65.47,0.41,IN_CONTROL,IN_CONTROL,IN_CONTROL,IN_CONTROL
"28nm",LOT_0031,W005,3.73,1.81,26.47,60.73,0.41,IN_CONTROL,IN_CONTROL,IN_CONTROL,IN_CONTROL
"28nm",LOT_0007,W016,3.75,1.94,28.22,60.46,0.41,IN_CONTROL,IN_CONTROL,IN_CONTROL,IN_CONTROL
"28nm",LOT_0049,W020,3.58,1.87,24.81,62.70,0.41,IN_CONTROL,IN_CONTROL,IN_CONTROL,IN_CONTROL
"28nm",LOT_0011,W011,3.56,1.81,27.86,62.07,0.41,IN_CONTROL,IN_CONTROL,IN_CONTROL,IN_CONTROL
"28nm",LOT_0016,W001,3.70,1.87,30.90,56.19,0.41,IN_CONTROL,IN_CONTROL,IN_CONTROL,IN_CONTROL
"28nm",LOT_0012,W012,3.61,2.12,28.73,57.78,0.41,IN_CONTROL,IN_CONTROL,IN_CONTROL,IN_CONTROL
"28nm",LOT_0007,W010,3.63,1.92,25.96,62.80,0.41,IN_CONTROL,IN_CONTROL,IN_CONTROL,IN_CONTROL
"28nm",LOT_0049,W018,3.59,1.85,34.23,61.66,0.42,IN_CONTROL,IN_CONTROL,OOC,IN_CONTROL
"28nm",LOT_0049,W005,3.60,1.81,31.59,56.01,0.42,IN_CONTROL,IN_CONTROL,IN_CONTROL,IN_CONTROL
"28nm",LOT_0022,W015,3.69,1.94,29.01,61.18,0.42,IN_CONTROL,IN_CONTROL,IN_CONTROL,IN_CONTROL
"28nm",LOT_0012,W025,3.61,1.98,29.43,59.31,0.42,IN_CONTROL,IN_CONTROL,IN_CONTROL,IN_CONTROL
"28nm",LOT_0023,W007,3.65,2.01,25.90,62.06,0.42,IN_CONTROL,IN_CONTROL,IN_CONTROL,IN_CONTROL
"28nm",LOT_0006,W006,3.47,1.88,27.18,57.01,0.42,IN_CONTROL,IN_CONTROL,IN_CONTROL,IN_CONTROL
"28nm",LOT_0022,W019,3.62,1.73,26.62,55.90,0.42,IN_CONTROL,IN_CONTROL,IN_CONTROL,IN_CONTROL
"28nm",LOT_0034,W016,3.50,1.89,28.16,60.03,0.42,IN_CONTROL,IN_CONTROL,IN_CONTROL,IN_CONTROL
"28nm",LOT_0011,W012,3.57,2.11,29.26,58.13,0.43,IN_CONTROL,IN_CONTROL,IN_CONTROL,IN_CONTROL
"28nm",LOT_0012,W014,3.58,2.02,28.09,58.08,0.43,IN_CONTROL,IN_CONTROL,IN_CONTROL,IN_CONTROL
"28nm",LOT_0006,W002,3.49,1.94,26.62,58.52,0.43,IN_CONTROL,IN_CONTROL,IN_CONTROL,IN_CONTROL
"28nm",LOT_0006,W010,3.68,2.16,26.43,58.89,0.43,IN_CONTROL,WARNING,IN_CONTROL,IN_CONTROL
"28nm",LOT_0023,W011,3.70,1.92,24.75,62.29,0.43,IN_CONTROL,IN_CONTROL,IN_CONTROL,IN_CONTROL
"28nm",LOT_0023,W009,3.71,2.02,28.60,58.78,0.43,IN_CONTROL,IN_CONTROL,IN_CONTROL,IN_CONTROL
"28nm",LOT_0007,W018,3.53,1.81,27.94,60.82,0.43,IN_CONTROL,IN_CONTROL,IN_CONTROL,IN_CONTROL
"28nm",LOT_0007,W013,3.42,2.20,24.23,58.88,0.43,IN_CONTROL,WARNING,IN_CONTROL,IN_CONTROL
"28nm",LOT_0022,W024,3.76,1.75,24.74,57.78,0.43,IN_CONTROL,IN_CONTROL,IN_CONTROL,IN_CONTROL
"28nm",LOT_0031,W003,3.79,1.87,29.01,61.64,0.44,IN_CONTROL,IN_CONTROL,IN_CONTROL,IN_CONTROL
"28nm",LOT_0016,W025,3.57,2.04,25.97,58.90,0.44,IN_CONTROL,IN_CONTROL,IN_CONTROL,IN_CONTROL
"28nm",LOT_0012,W020,3.58,1.94,28.19,55.12,0.44,IN_CONTROL,IN_CONTROL,IN_CONTROL,IN_CONTROL
"28nm",LOT_0006,W005,3.54,1.83,26.53,57.90,0.44,IN_CONTROL,IN_CONTROL,IN_CONTROL,IN_CONTROL
"28nm",LOT_0049,W010,3.79,1.89,25.62,56.26,0.44,IN_CONTROL,IN_CONTROL,IN_CONTROL,IN_CONTROL
"28nm",LOT_0007,W023,3.56,2.08,28.28,55.27,0.45,IN_CONTROL,IN_CONTROL,IN_CONTROL,IN_CONTROL
"28nm",LOT_0011,W003,3.55,1.94,23.83,55.58,0.45,IN_CONTROL,IN_CONTROL,WARNING,IN_CONTROL
"28nm",LOT_0012,W016,3.55,1.96,28.60,57.68,0.45,IN_CONTROL,IN_CONTROL,IN_CONTROL,IN_CONTROL
"28nm",LOT_0034,W002,3.61,1.75,25.02,60.15,0.45,IN_CONTROL,IN_CONTROL,IN_CONTROL,IN_CONTROL
"28nm",LOT_0031,W009,3.66,1.95,28.53,58.50,0.45,IN_CONTROL,IN_CONTROL,IN_CONTROL,IN_CONTROL
"28nm",LOT_0012,W019,3.55,1.93,27.22,60.55,0.45,IN_CONTROL,IN_CONTROL,IN_CONTROL,IN_CONTROL
"28nm",LOT_0034,W008,3.50,1.60,27.89,57.52,0.45,IN_CONTROL,WARNING,IN_CONTROL,IN_CONTROL
"28nm",LOT_0016,W024,3.61,1.87,26.89,61.28,0.46,IN_CONTROL,IN_CONTROL,IN_CONTROL,IN_CONTROL
"28nm",LOT_0034,W006,3.52,1.88,30.52,61.20,0.46,IN_CONTROL,IN_CONTROL,IN_CONTROL,IN_CONTROL
"28nm",LOT_0049,W024,3.71,1.96,23.21,66.33,0.46,IN_CONTROL,IN_CONTROL,WARNING,WARNING
"28nm",LOT_0034,W011,3.69,1.99,27.39,54.34,0.46,IN_CONTROL,IN_CONTROL,IN_CONTROL,IN_CONTROL
"28nm",LOT_0007,W006,3.62,2.10,25.60,59.12,0.46,IN_CONTROL,IN_CONTROL,IN_CONTROL,IN_CONTROL
"28nm",LOT_0048,W009,3.63,1.88,26.83,59.38,0.46,IN_CONTROL,IN_CONTROL,IN_CONTROL,IN_CONTROL
"28nm",LOT_0016,W006,3.61,2.07,30.04,56.83,0.46,IN_CONTROL,IN_CONTROL,IN_CONTROL,IN_CONTROL
"28nm",LOT_0012,W005,3.58,1.83,30.42,53.26,0.47,IN_CONTROL,IN_CONTROL,IN_CONTROL,WARNING
"28nm",LOT_0007,W017,3.50,1.88,26.25,62.64,0.47,IN_CONTROL,IN_CONTROL,IN_CONTROL,IN_CONTROL
"28nm",LOT_0022,W012,3.69,1.78,27.47,59.69,0.47,IN_CONTROL,IN_CONTROL,IN_CONTROL,IN_CONTROL
"28nm",LOT_0006,W024,3.53,1.96,28.43,64.73,0.47,IN_CONTROL,IN_CONTROL,IN_CONTROL,IN_CONTROL
"28nm",LOT_0023,W005,3.69,1.79,26.93,55.46,0.48,IN_CONTROL,IN_CONTROL,IN_CONTROL,IN_CONTROL
"28nm",LOT_0031,W004,3.71,1.98,28.84,59.32,0.48,IN_CONTROL,IN_CONTROL,IN_CONTROL,IN_CONTROL
"28nm",LOT_0049,W011,3.69,1.85,28.11,63.19,0.49,IN_CONTROL,IN_CONTROL,IN_CONTROL,IN_CONTROL
"28nm",LOT_0024,W025,3.49,2.09,24.53,53.61,0.50,IN_CONTROL,IN_CONTROL,IN_CONTROL,WARNING
"28nm",LOT_0006,W012,3.57,1.95,24.93,62.27,0.50,IN_CONTROL,IN_CONTROL,IN_CONTROL,IN_CONTROL
"28nm",LOT_0012,W015,3.54,1.88,26.93,57.73,0.50,IN_CONTROL,IN_CONTROL,IN_CONTROL,IN_CONTROL
"28nm",LOT_0022,W020,3.77,1.87,26.21,59.45,0.51,IN_CONTROL,IN_CONTROL,IN_CONTROL,IN_CONTROL
"28nm",LOT_0011,W001,3.69,1.93,23.62,64.60,0.51,IN_CONTROL,IN_CONTROL,WARNING,IN_CONTROL
"28nm",LOT_0006,W003,3.57,1.81,26.66,63.02,0.52,IN_CONTROL,IN_CONTROL,IN_CONTROL,IN_CONTROL
"28nm",LOT_0012,W017,3.55,1.96,27.36,52.78,0.52,IN_CONTROL,IN_CONTROL,IN_CONTROL,WARNING
"28nm",LOT_0031,W006,3.76,1.94,26.13,61.19,0.52,IN_CONTROL,IN_CONTROL,IN_CONTROL,IN_CONTROL
"28nm",LOT_0011,W016,3.56,2.05,26.85,61.00,0.53,IN_CONTROL,IN_CONTROL,IN_CONTROL,IN_CONTROL
"28nm",LOT_0011,W025,3.49,1.84,28.30,55.77,0.54,IN_CONTROL,IN_CONTROL,IN_CONTROL,IN_CONTROL
"28nm",LOT_0011,W008,3.56,1.85,26.61,59.84,0.57,IN_CONTROL,IN_CONTROL,IN_CONTROL,IN_CONTROL
"28nm",LOT_0006,W019,3.57,1.97,27.45,63.16,0.59,IN_CONTROL,IN_CONTROL,IN_CONTROL,IN_CONTROL
"28nm",LOT_0031,W010,3.65,1.92,23.61,58.95,0.61,IN_CONTROL,IN_CONTROL,WARNING,IN_CONTROL
"28nm",LOT_0024,W006,3.57,1.85,23.95,61.21,0.66,IN_CONTROL,IN_CONTROL,IN_CONTROL,IN_CONTROL
"28nm",LOT_0022,W005,3.78,1.97,23.68,60.34,0.72,IN_CONTROL,IN_CONTROL,WARNING,IN_CONTROL
